Timestamp,my-wallet-n-users
2011-11-28 23:00:00,2
2011-12-21 23:00:00,291
2012-01-13 23:00:00,758
2012-02-05 23:00:00,1551
2012-02-28 23:00:00,2282
2012-03-23 00:00:00,3148
2012-04-15 00:00:00,4511
2012-05-08 00:00:00,6309
2012-05-31 00:00:00,8039
2012-06-23 00:00:00,10172
2012-07-16 00:00:00,13024
2012-08-08 00:00:00,16320
2012-08-31 00:00:00,20614
2012-09-23 00:00:00,25464
2012-10-16 00:00:00,32425
2012-11-07 23:00:00,38724
2012-11-30 23:00:00,46429
2012-12-23 23:00:00,71688
2013-01-15 23:00:00,93134
2013-02-07 23:00:00,110457
2013-03-02 23:00:00,129904
2013-03-26 00:00:00,156702
2013-04-18 00:00:00,226475
2013-05-11 00:00:00,265186
2013-06-03 00:00:00,297719
2013-06-26 00:00:00,326553
2013-07-19 00:00:00,356243
2013-08-11 00:00:00,383949
2013-09-03 00:00:00,418399
2013-09-26 00:00:00,447429
2013-10-19 00:00:00,480756
2013-11-10 23:00:00,550257
2013-12-03 23:00:00,767382
2013-12-26 23:00:00,945649
2014-01-18 23:00:00,1081937
2014-02-10 23:00:00,1230466
2014-03-05 23:00:00,1350166
2014-03-29 00:00:00,1440281
2014-04-21 00:00:00,1526798
2014-05-14 00:00:00,1610679
2014-06-06 00:00:00,1696012
2014-06-29 00:00:00,1786685
2014-07-22 00:00:00,1887510
2014-08-14 00:00:00,2022619
2014-09-06 00:00:00,2145615
2014-09-29 00:00:00,2267085
2014-10-22 00:00:00,2381387
2014-11-13 23:00:00,2499028
2014-12-06 23:00:00,2613340
2014-12-29 23:00:00,2719717
2015-01-21 23:00:00,2825099
2015-02-13 23:00:00,2945869
2015-03-09 00:00:00,3074557
2015-04-01 00:00:00,3183329
2015-04-24 00:00:00,3299459
2015-05-17 00:00:00,3416442
2015-06-09 00:00:00,3540083
2015-07-02 00:00:00,3678446
2015-07-25 00:00:00,3859171
2015-08-17 00:00:00,4010440
2015-09-09 00:00:00,4208444
2015-10-02 00:00:00,4391799
2015-10-25 00:00:00,4627736
2015-11-16 23:00:00,4873149
2015-12-09 23:00:00,5163651
2016-01-01 23:00:00,5454997
2016-01-24 23:00:00,5811068
2016-02-16 23:00:00,6083614
2016-03-10 23:00:00,6364167
2016-04-03 00:00:00,6688655
2016-04-26 00:00:00,6968497
2016-05-19 00:00:00,7286044
2016-06-11 00:00:00,7579535
2016-07-04 00:00:00,7835149
2016-07-27 00:00:00,8091577
2016-08-19 00:00:00,8364568
2016-09-11 00:00:00,8664649
2016-10-04 00:00:00,9017643
2016-10-27 00:00:00,9435917
2016-11-18 23:00:00,9971346
2016-12-11 23:00:00,10584824
2017-01-03 23:00:00,11064485
2017-01-26 23:00:00,11591356
2017-02-18 23:00:00,12096833
2017-03-14 00:00:00,12581602
2017-04-06 00:00:00,12995484
2017-04-29 00:00:00,13386157
2017-05-22 00:00:00,13911418
2017-06-14 00:00:00,14559986
2017-06-24 15:05:59,14807709
2017-07-02 02:02:27,14992878
2017-07-08 05:24:25,15145156
2017-08-02 05:12:24,15697467
2017-08-08 22:12:44,15848250
2017-08-15 15:13:42,16017874
2017-08-22 02:55:38,16208628
2017-08-27 17:34:11,16362216
2017-09-03 02:41:32,16553515
2017-09-09 14:47:56,16746608
2017-09-14 13:09:22,16870043
2017-09-25 14:13:21,17134865
2017-09-30 04:18:54,17240284
2017-10-05 21:28:31,17369309
2017-10-11 09:51:24,17497046
2017-10-17 20:36:23,17705898
2017-10-24 10:12:58,17939646
2017-10-30 07:53:50,18120353
2017-11-05 17:20:35,18405132
2017-11-12 01:04:07,18639620
2017-11-18 00:12:10,18843366
2017-11-24 00:52:15,19057175
2017-11-30 10:36:22,19401662
2017-12-06 05:17:57,19763633
2017-12-11 22:34:59,20287315
2017-12-18 09:03:55,20779459
2017-12-24 17:00:52,21204476
2017-12-31 07:11:52,21484732
2018-01-07 00:11:41,21789499
2018-01-12 21:06:55,22069779
2018-01-19 14:06:28,22336849
2018-01-25 02:10:17,22518982
2018-01-31 19:08:40,22718257
2018-02-07 12:08:31,22890499
2018-02-14 05:09:21,23041065
2018-02-20 10:15:30,23183003
2018-02-27 03:15:17,23329572
2018-03-05 20:16:24,23473433
2018-03-12 14:16:18,23598773
2018-03-19 07:16:47,23726494
2018-03-25 18:13:21,23840698
2018-04-01 05:40:38,23956777
2018-04-07 20:57:45,24066521
2018-04-14 02:06:19,24166869
2018-04-20 19:06:47,24279770
2018-04-30 14:26:19,24457182
2018-05-07 20:40:35,24617482
2018-05-14 13:39:46,24732020
2018-05-21 06:39:42,24844348
2018-05-27 17:47:47,24957767
2018-06-03 10:47:50,25088296
2018-06-10 03:48:32,25223119
2018-06-16 20:48:46,25344204
2018-06-23 08:16:24,25492862
2018-06-29 09:21:26,25716118
2018-07-06 02:21:23,25966486
2018-07-12 15:37:24,26191801
2018-07-19 08:37:22,26384228
2018-07-25 22:48:48,26721558
2018-08-01 13:54:31,27014014
2018-08-08 06:54:32,27395102
2018-08-09 05:54:32,27435348
2018-08-10 04:54:32,27490882
2018-08-11 03:54:32,27550271
2018-08-12 02:54:32,27599581
2018-08-13 01:54:32,27628301
2018-08-14 00:54:32,27668860
2018-08-14 23:54:32,27689208
2018-08-15 22:54:32,27723977
2018-08-16 21:54:32,27754651
2018-08-17 20:54:32,27786902
2018-08-18 19:54:32,27807578
2018-08-19 18:54:32,27829011
2018-08-20 17:54:32,27858162
2018-08-21 16:54:32,27875010
2018-08-22 15:54:32,27896221
2018-08-23 14:54:32,27918218
2018-08-24 13:54:32,27931369
2018-08-25 12:54:32,27953017
2018-08-26 11:54:32,27972635
2018-08-27 10:54:32,27999816
2018-08-28 09:54:32,28016592
2018-08-29 08:54:32,28051278
2018-08-30 07:54:32,28069963
2018-08-31 06:54:32,28097295
2018-09-01 05:54:32,28118535
2018-09-02 04:54:32,28138959
2018-09-03 03:54:32,28169367
2018-09-04 02:54:32,28197122
2018-09-05 01:54:32,28221242
2018-09-06 00:54:32,28247479
2018-09-06 23:54:32,28269613
2018-09-07 22:54:32,28293974
2018-09-08 21:54:32,28316824
2018-09-09 20:54:32,28342459
2018-09-10 19:54:32,28362032
2018-09-11 18:54:32,28389175
2018-09-12 17:54:32,28414053
2018-09-13 16:54:32,28433724
2018-09-14 15:54:32,28453522
2018-09-15 14:54:32,28477128
2018-09-16 13:54:32,28501675
2018-09-17 12:54:32,28524387
2018-09-18 11:54:32,28551108
2018-09-19 10:54:32,28578862
2018-09-20 09:54:32,28610635
2018-09-21 08:54:32,28636779
2018-09-22 07:54:32,28667671
2018-09-23 06:54:32,28688022
2018-09-24 05:54:32,28705663
2018-09-25 04:54:32,28724040
2018-09-26 03:54:32,28757286
2018-09-27 02:54:32,28787814
2018-09-28 01:54:32,28815399
2018-09-29 00:54:32,28839193
2018-09-29 23:54:32,28869795
2018-09-30 22:54:32,28888424
2018-10-01 21:54:32,28916910
2018-10-02 20:54:32,28942535
2018-10-03 19:54:32,28964820
2018-10-04 18:54:32,28992821
2018-10-05 17:54:32,29016894
2018-10-06 16:54:32,29042838
2018-10-07 15:54:32,29080633
2018-10-08 14:54:32,29106283
2018-10-09 13:54:32,29127362
2018-10-10 12:54:32,29143292
2018-10-11 11:54:32,29174757
2018-10-12 10:54:32,29211717
2018-10-13 09:54:32,29226740
2018-10-14 08:54:32,29246365
2018-10-15 07:54:32,29275607
2018-10-16 06:54:32,29302071
2018-10-17 05:54:32,29329975
2018-10-18 04:54:32,29349755
2018-10-19 03:54:32,29381766
2018-10-20 02:54:32,29413866
2018-10-21 01:54:32,29444283
2018-10-22 00:54:32,29474194
2018-10-22 23:54:32,29503695
2018-10-23 22:54:32,29532610
2018-10-24 21:54:32,29558062
2018-10-25 20:54:32,29593333
2018-10-26 19:54:32,29626751
2018-10-27 18:54:32,29659207
2018-10-28 17:54:32,29674045
2018-10-29 16:54:32,29708670
2018-10-30 15:54:32,29725793
2018-10-31 14:54:32,29770639
2018-11-01 13:54:32,29790877
2018-11-02 12:54:32,29826143
2018-11-03 11:54:32,29858742
2018-11-04 09:54:32,29880952
2018-11-05 08:54:32,29897874
2018-11-06 07:54:32,29927204
2018-11-07 06:54:32,29992354
2018-11-08 05:54:32,30043545
2018-11-09 04:54:32,30123468
2018-11-10 03:54:32,30176515
2018-11-11 02:54:32,30243951
2018-11-12 01:54:32,30287594
2018-11-13 00:54:32,30327611
2018-11-13 23:54:32,30382233
2018-11-14 22:54:32,30431545
2018-11-15 21:54:32,30497749
2018-11-16 20:54:32,30547297
2018-11-17 19:54:32,30589369
2018-11-18 18:54:32,30628676
2018-11-19 17:54:32,30667943
2018-11-20 16:54:32,30733701
2018-11-21 15:54:32,30793823
2018-11-22 14:54:32,30839596
2018-11-23 13:54:32,30875886
2018-11-24 12:54:32,30925732
2018-11-25 11:54:32,30950004
2018-11-26 10:54:32,30977870
2018-11-27 09:54:32,31026402
2018-11-28 08:54:32,31069280
2018-11-29 07:54:32,31100440
2018-11-30 06:54:32,31122710
2018-12-01 05:54:32,31148489
2018-12-02 04:54:32,31170693
2018-12-03 03:54:32,31194550
2018-12-04 02:54:32,31223187
2018-12-05 01:54:32,31253090
2018-12-06 00:54:32,31276102
2018-12-06 23:54:32,31298604
2018-12-07 22:54:32,31331289
2018-12-08 21:54:32,31358366
2018-12-09 20:54:32,31375074
2018-12-10 19:54:32,31396197
2018-12-11 18:54:32,31415099
2018-12-12 17:54:32,31433112
2018-12-13 16:54:32,31470488
2018-12-14 15:54:32,31496427
2018-12-15 14:54:32,31516853
2018-12-16 13:54:32,31543382
2018-12-17 12:54:32,31564463
2018-12-18 11:54:32,31590097
2018-12-19 10:54:32,31618557
2018-12-20 09:54:32,31635631
2018-12-21 08:54:32,31658987
2018-12-22 07:54:32,31674618
2018-12-23 06:54:32,31703410
2018-12-24 05:54:32,31739997
2018-12-25 04:54:32,31753828
2018-12-26 03:54:32,31771555
2018-12-27 02:54:32,31794835
2018-12-28 01:54:32,31828699
2018-12-29 00:54:32,31842640
2018-12-29 23:54:32,31857891
2018-12-30 22:54:32,31886235
2018-12-31 21:54:32,31914414
2019-01-01 20:54:32,31925191
2019-01-02 19:54:32,31943436
2019-01-03 18:54:32,31978831
2019-01-04 17:54:32,32075490
2019-01-05 16:54:32,32124379
2019-01-06 15:54:32,32141320
2019-01-07 14:54:32,32167512
2019-01-08 13:54:32,32188996
2019-01-09 12:54:32,32205068
2019-01-10 11:54:32,32237325
2019-01-11 10:54:32,32262119
2019-01-12 09:54:32,32274243
2019-01-13 08:54:32,32311110
2019-01-14 07:54:32,32325020
2019-01-15 06:54:32,32354907
2019-01-16 05:54:32,32378271
2019-01-17 04:54:32,32452523
2019-01-18 03:54:32,32469793
2019-01-19 02:54:32,32484923
2019-01-20 01:54:32,32512090
2019-01-21 00:54:32,32551555
2019-01-21 23:54:32,32568315
2019-01-22 22:54:32,32584478
2019-01-23 21:54:32,32605625
2019-01-24 20:54:32,32640825
2019-01-25 19:54:32,32662113
2019-01-26 18:54:32,32677216
2019-01-27 17:54:32,32710036
2019-01-28 16:54:32,32735858
2019-01-29 15:54:32,32765945
2019-01-30 14:54:32,32808338
2019-01-31 13:54:32,32837085
2019-02-01 12:54:32,32865601
2019-02-02 11:54:32,32912379
2019-02-03 10:54:32,32938852
2019-02-04 09:54:32,32965404
2019-02-05 08:54:32,32991979
2019-02-06 07:54:32,33012933
2019-02-07 06:54:32,33046600
2019-02-08 05:54:32,33064378
2019-02-09 04:54:32,33104923
2019-02-10 03:54:32,33126439
2019-02-11 02:54:32,33145104
2019-02-12 01:54:32,33181316
2019-02-13 00:54:32,33196926
2019-02-13 23:54:32,33219622
2019-02-14 22:54:32,33246763
2019-02-15 21:54:32,33268757
2019-02-16 20:54:32,33294132
2019-02-17 19:54:32,33317593
2019-02-18 18:54:32,33348715
2019-02-19 17:54:32,33382083
2019-02-20 16:54:32,33419367
2019-02-21 15:54:32,33459146
2019-02-22 14:54:32,33503570
2019-02-23 13:54:32,33544880
2019-02-24 12:54:32,33588036
2019-02-25 11:54:32,33611689
2019-02-26 10:54:32,33651665
2019-02-27 09:54:32,33714823
2019-02-28 08:54:32,33763329
2019-03-01 07:54:32,33798414
2019-03-02 06:54:32,33862931
2019-03-03 05:54:32,33888556
2019-03-04 04:54:32,33901620
2019-03-05 03:54:32,33930579
2019-03-06 02:54:32,33959038
2019-03-07 01:54:32,33983677
2019-03-08 00:54:32,34016834
2019-03-08 23:54:32,34039077
2019-03-09 22:54:32,34061861
2019-03-10 22:54:32,34085840
2019-03-11 21:54:32,34104676
2019-03-12 20:54:32,34127053
2019-03-13 19:54:32,34153201
2019-03-14 18:54:32,34179281
2019-03-15 17:54:32,34201486
2019-03-16 16:54:32,34220643
2019-03-17 15:54:32,34247106
2019-03-18 14:54:32,34289076
2019-03-19 13:54:32,34312243
2019-03-20 12:54:32,34337444
2019-03-21 11:54:32,34369702
2019-03-22 10:54:32,34386213
2019-03-23 09:54:32,34406099
2019-03-24 08:54:32,34427567
2019-03-25 07:54:32,34446117
2019-03-26 06:54:32,34476794
2019-03-27 05:54:32,34501495
2019-03-28 04:54:32,34526370
2019-03-29 03:54:32,34555934
2019-03-30 02:54:32,34584690
2019-03-31 01:54:32,34633591
2019-04-01 00:54:32,34667329
2019-04-01 23:54:32,34708834
2019-04-02 22:54:32,34795309
2019-04-03 21:54:32,34845001
2019-04-04 20:54:32,34893526
2019-04-05 19:54:32,34939536
2019-04-06 18:54:32,34973552
2019-04-07 17:54:32,35013239
2019-04-08 16:54:32,35060171
2019-04-09 15:54:32,35151591
2019-04-10 14:54:32,35232412
2019-04-11 13:54:32,35316460
2019-04-12 12:54:32,35360462
2019-04-13 11:54:32,35402673
2019-04-14 10:54:32,35442101
2019-04-15 09:54:32,35472955
2019-04-16 08:54:32,35533188
2019-04-17 07:54:32,35567392
2019-04-18 06:54:32,35615315
2019-04-19 05:54:32,35680549
2019-04-20 04:54:32,35752918
2019-04-21 03:54:32,35797760
2019-04-22 02:54:32,35845342
2019-04-23 01:54:32,35922952
2019-04-24 00:54:32,36006873
2019-04-24 23:54:32,36102750
2019-04-25 22:54:32,36187524
2019-04-26 21:54:32,36292480
2019-04-27 20:54:32,36376473
2019-04-28 19:54:32,36439846
2019-04-29 18:54:32,36566166
2019-04-30 17:54:32,36646882
2019-05-01 16:54:32,36722168
2019-05-02 15:54:32,36772309
2019-05-03 14:54:32,36904629
2019-05-04 13:54:32,36963663
2019-05-05 12:54:32,37028473
2019-05-06 11:54:32,37151460
2019-05-07 10:54:32,37220274
2019-05-08 09:54:32,37312686
2019-05-09 08:54:32,37407949
2019-05-10 07:54:32,37471212
2019-05-11 06:54:32,37525865
2019-05-12 05:54:32,37584001
2019-05-13 04:54:32,37651694
2019-05-14 03:54:32,37737816
2019-05-15 02:54:32,37814660
2019-05-16 01:54:32,37883965
2019-05-17 00:54:32,37947691
2019-05-17 23:54:32,38007874
2019-05-18 22:54:32,38065417
2019-05-19 21:54:32,38139223
2019-05-20 20:54:32,38204727
2019-05-21 19:54:32,38278908
2019-05-22 18:54:32,38356397
2019-05-23 17:54:32,38414559
2019-05-24 16:54:32,38459166
2019-05-25 15:54:32,38522399
2019-05-26 14:54:32,38557767
2019-05-27 13:54:32,38614230
2019-05-28 12:54:32,38697934
2019-05-29 11:54:32,38757603
2019-05-30 10:54:32,38821303
2019-05-31 09:54:32,38872023
2019-06-01 08:54:32,38919827
2019-06-02 07:54:32,38956458
2019-06-03 06:54:32,38989921
2019-06-04 05:54:32,39051608
2019-06-05 04:54:32,39088420
2019-06-06 03:54:32,39123281
2019-06-07 02:54:32,39167819
2019-06-08 01:54:32,39205239
2019-06-09 00:54:32,39228975
2019-06-09 23:54:32,39252978
2019-06-10 22:54:32,39303341
2019-06-11 21:54:32,39333621
2019-06-12 20:54:32,39376037
2019-06-13 19:54:32,39417837
2019-06-14 18:54:32,39465906
2019-06-15 17:54:32,39502962
2019-06-16 16:54:32,39530105
2019-06-17 15:54:32,39565042
2019-06-18 14:54:32,39595836
2019-06-19 13:54:32,39645327
2019-06-20 12:54:32,39706761
2019-06-21 11:54:32,39736780
2019-06-22 10:54:32,39796206
2019-06-23 09:54:32,39828832
2019-06-24 08:54:32,39854922
2019-06-25 07:54:32,39905434
2019-06-26 06:54:32,39936268
2019-06-27 05:54:32,39981141
2019-06-28 04:54:32,40017548
2019-06-29 03:54:32,40043461
2019-06-30 02:54:32,40067178
2019-07-01 01:54:32,40093223
2019-07-02 00:54:32,40118376
2019-07-02 23:54:32,40140698
2019-07-03 22:54:32,40161666
2019-07-04 21:54:32,40196038
2019-07-05 20:54:32,40226083
2019-07-06 19:54:32,40243498
2019-07-07 18:54:32,40263008
2019-07-08 17:54:32,40283333
2019-07-09 16:54:32,40309827
2019-07-10 15:54:32,40357804
2019-07-11 14:54:32,40376174
2019-07-12 13:54:32,40399598
2019-07-13 12:54:32,40428051
2019-07-14 11:54:32,40449137
2019-07-15 10:54:32,40468090
2019-07-16 09:54:32,40495727
2019-07-17 08:54:32,40519048
2019-07-18 07:54:32,40548548
2019-07-19 06:54:32,40577182
2019-07-20 05:54:32,40616475
2019-07-21 04:54:32,40643440
2019-07-22 03:54:32,40662060
2019-07-23 02:54:32,40701838
2019-07-24 01:54:32,40731162
2019-07-25 00:54:32,40751487
2019-07-25 23:54:32,40770164
2019-07-26 22:54:32,40798884
2019-07-27 21:54:32,40826260
2019-07-28 20:54:32,40841106
2019-07-29 19:54:32,40872577
2019-07-30 18:54:32,40904092
2019-07-31 17:54:32,40921320
2019-08-01 16:54:32,40950579
2019-08-02 15:54:32,40970953
2019-08-03 14:54:32,40989622
2019-08-04 13:54:32,41013360
2019-08-05 12:54:32,41037416
2019-08-06 11:54:32,41055318
2019-08-07 10:54:32,41082395
2019-08-08 09:54:32,41115390
2019-08-09 08:54:32,41130478
2019-08-10 07:54:32,41148010
2019-08-11 06:54:32,41163965
2019-08-12 05:54:32,41183316
2019-08-13 04:54:32,41201250
2019-08-14 03:54:32,41217902
2019-08-15 02:54:32,41239931
2019-08-16 01:54:32,41259967
2019-08-17 00:54:32,41278559
2019-08-17 23:54:32,41293513
2019-08-18 22:54:32,41313448
2019-08-19 21:54:32,41335196
2019-08-20 20:54:32,41358516
2019-08-21 19:54:32,41378994
2019-08-22 18:54:32,41414084
2019-08-23 17:54:32,41437032
2019-08-24 16:54:32,41460810
2019-08-25 15:54:32,41483643
2019-08-26 14:54:32,41506991
2019-08-27 13:54:32,41527053
2019-08-28 12:54:32,41550821
2019-08-29 11:54:32,41567754
2019-08-30 10:54:32,41592076
2019-08-31 09:54:32,41614400
2019-09-01 08:54:32,41634225
2019-09-02 07:54:32,41651788
2019-09-03 06:54:32,41668600
2019-09-04 05:54:32,41699271
2019-09-05 04:54:32,41716385
2019-09-06 03:54:32,41744035
2019-09-07 02:54:32,41765327
2019-09-08 01:54:32,41780635
2019-09-09 00:54:32,41801581
2019-09-09 23:54:32,41831117
2019-09-10 22:54:32,41869446
2019-09-11 21:54:32,41908663
2019-09-12 20:54:32,41930372
2019-09-13 19:54:32,41954439
2019-09-14 18:54:32,41975759
2019-09-15 17:54:32,41986298
2019-09-16 16:54:32,42014978
2019-09-17 15:54:32,42039692
2019-09-18 14:54:32,42055239
2019-09-19 13:54:32,42083769
2019-09-20 12:54:32,42105327
2019-09-21 11:54:32,42122458
2019-09-22 10:54:32,42134366
2019-09-23 09:54:32,42152608
2019-09-24 08:54:32,42175142
2019-09-25 07:54:32,42198131
2019-09-26 06:54:32,42213886
2019-09-27 05:54:32,42235703
2019-09-28 04:54:32,42258154
2019-09-29 03:54:32,42272429
2019-09-30 02:54:32,42290501
2019-10-01 01:54:32,42314091
2019-10-02 00:54:32,42340629
2019-10-02 23:54:32,42373761
2019-10-03 22:54:32,42403406
2019-10-04 21:54:32,42421559
2019-10-05 20:54:32,42440881
2019-10-06 19:54:32,42455257
2019-10-07 18:54:32,42480269
2019-10-08 17:54:32,42502529
2019-10-09 16:54:32,42517937
2019-10-10 15:54:32,42560844
2019-10-11 14:54:32,42578168
2019-10-12 13:54:32,42605937
2019-10-13 12:54:32,42625671
2019-10-14 11:54:32,42646165
2019-10-15 10:54:32,42665769
2019-10-16 09:54:32,42682592
2019-10-17 08:54:32,42704431
2019-10-18 07:54:32,42723564
2019-10-19 06:54:32,42738354
2019-10-20 05:54:32,42759299
2019-10-21 04:54:32,42782968
2019-10-22 03:54:32,42811391
2019-10-23 02:54:32,42835147
2019-10-24 01:54:32,42856213
2019-10-25 00:54:32,42883807
2019-10-25 23:54:32,42903322
2019-10-26 22:54:32,42930326
2019-10-27 21:54:32,42951085
2019-10-28 20:54:32,42976277
2019-10-29 19:54:32,42996490
2019-10-30 18:54:32,43024639
2019-10-31 17:54:32,43052627
2019-11-01 16:54:32,43068083
2019-11-02 15:54:32,43090624
2019-11-03 13:54:32,43102547
2019-11-04 12:54:32,43119904
2019-11-05 11:54:32,43135749
2019-11-06 10:54:32,43171028
2019-11-07 09:54:32,43202655
2019-11-08 08:54:32,43218922
2019-11-09 07:54:32,43240445
2019-11-10 06:54:32,43255998
2019-11-11 05:54:32,43273188
2019-11-12 04:54:32,43290714
2019-11-13 03:54:32,43320443
2019-11-14 02:54:32,43340606
2019-11-15 01:54:32,43357065
2019-11-16 00:54:32,43389956
2019-11-16 23:54:32,43428228
2019-11-17 22:54:32,43450925
2019-11-18 21:54:32,43482962
2019-11-19 20:54:32,43526674
2019-11-20 19:54:32,43565193
2019-11-21 18:54:32,43590972
2019-11-22 17:54:32,43653838
2019-11-23 16:54:32,43684144
2019-11-24 15:54:32,43703259
2019-11-25 14:54:32,43729404
2019-11-26 13:54:32,43757758
2019-11-27 12:54:32,43781467
2019-11-28 11:54:32,43814072
2019-11-29 10:54:32,43847203
2019-11-30 09:54:32,43868014
2019-12-01 08:54:32,43885036
2019-12-02 07:54:32,43916129
2019-12-03 06:54:32,43952690
2019-12-04 05:54:32,43977136
2019-12-05 04:54:32,44007637
2019-12-06 03:54:32,44035399
2019-12-07 02:54:32,44063902
2019-12-08 01:54:32,44083089
2019-12-09 00:54:32,44110383
2019-12-09 23:54:32,44145478
2019-12-10 22:54:32,44172639
2019-12-11 21:54:32,44207970
2019-12-12 20:54:32,44251187
2019-12-13 19:54:32,44281785
2019-12-14 18:54:32,44309907
2019-12-15 17:54:32,44346912
2019-12-16 16:54:32,44374719
2020-01-01 23:00:00,44729012
2020-01-22 12:54:32,45274690
2020-01-23 11:54:32,45286088
2020-01-24 10:54:32,45304737
2020-01-25 09:54:32,45330479
2020-01-26 08:54:32,45348505
2020-01-27 07:54:32,45373370
2020-01-28 06:54:32,45404175
2020-01-29 05:54:32,45424562
2020-01-30 04:54:32,45458408
2020-01-31 03:54:32,45491346
2020-02-01 02:54:32,45529607
2020-02-02 01:54:32,45560812
2020-02-03 00:54:32,45590196
2020-02-03 23:54:32,45623961
2020-02-04 22:54:32,45658934
2020-02-05 21:54:32,45681753
2020-02-06 20:54:32,45703607
2020-02-07 19:54:32,45732531
2020-02-08 18:54:32,45753093
2020-02-09 17:54:32,45774631
2020-02-10 16:54:32,45799382
2020-02-11 15:54:32,45829649
2020-02-12 14:54:32,45850590
2020-02-13 13:54:32,45871353
2020-02-14 12:54:32,45899884
2020-02-15 11:54:32,45923950
2020-02-16 10:54:32,45941918
2020-02-17 09:54:32,45966449
2020-02-18 08:54:32,45996296
2020-02-19 07:54:32,46016535
2020-02-20 06:54:32,46040247
2020-02-21 05:54:32,46066015
2020-02-22 04:54:32,46084962
2020-02-23 03:54:32,46102424
2020-02-24 02:54:32,46121612
2020-02-25 01:54:32,46150155
2020-02-26 00:54:32,46168931
2020-02-26 23:54:32,46190098
2020-02-27 22:54:32,46216363
2020-02-28 21:54:32,46239081
2020-02-29 20:54:32,46258265
2020-03-01 19:54:32,46278908
2020-03-02 18:54:32,46296766
2020-03-03 17:54:32,46319069
2020-03-04 16:54:32,46341874
2020-03-05 15:54:32,46361499
2020-03-06 14:54:32,46389789
2020-03-07 13:54:32,46408736
2020-03-08 13:54:32,46425733
2020-03-09 12:54:32,46449125
2020-03-10 11:54:32,46467186
2020-03-11 10:54:32,46489183
2020-03-12 09:54:32,46510669
2020-03-13 08:54:32,46547238
2020-03-14 07:54:32,46571921
2020-03-15 06:54:32,46597964
2020-03-16 05:54:32,46627376
2020-03-17 04:54:32,46656942
2020-03-18 03:54:32,46679512
2020-03-19 02:54:32,46709264
2020-03-20 01:54:32,46734135
2020-03-21 00:54:32,46762105
2020-03-21 23:54:32,46807621
2020-03-22 22:54:32,46843686
2020-03-23 21:54:32,46871598
2020-03-24 20:54:32,46901387
2020-03-25 19:54:32,46941859
2020-03-26 18:54:32,46972251
2020-03-27 17:54:32,46999239
2020-03-28 16:54:32,47036615
2020-03-29 15:54:32,47065538
2020-03-30 14:54:32,47092868
2020-03-31 13:54:32,47119552
2020-04-01 12:54:32,47159951
2020-04-02 11:54:32,47189425
2020-04-03 10:54:32,47229273
2020-04-04 09:54:32,47256074
2020-04-05 08:54:32,47286940
2020-04-06 07:54:32,47331823
2020-04-07 06:54:32,47363453
2020-04-08 05:54:32,47401049
2020-04-09 04:54:32,47442611
2020-04-10 03:54:32,47473019
2020-04-11 02:54:32,47507377
2020-04-12 01:54:32,47536373
2020-04-13 00:54:32,47576268
2020-04-13 23:54:32,47608982
2020-04-14 22:54:32,47644205
2020-04-15 21:54:32,47671079
2020-04-16 20:54:32,47706353
2020-04-17 19:54:32,47740271
2020-04-18 18:54:32,47766528
2020-04-19 17:54:32,47802950
2020-04-20 16:54:32,47840252
2020-04-21 15:54:32,47870493
2020-04-22 14:54:32,47901459
2020-04-23 13:54:32,47940056
2020-04-24 12:54:32,47967451
2020-04-25 11:54:32,47999969
2020-04-26 10:54:32,48039229
2020-04-27 09:54:32,48066177
2020-04-28 08:54:32,48099499
2020-04-29 07:54:32,48126954
2020-04-30 06:54:32,48177765
2020-05-01 05:54:32,48213850
2020-05-02 04:54:32,48247908
2020-05-03 03:54:32,48289629
2020-05-04 02:54:32,48321491
2020-05-05 01:54:32,48359316
2020-05-06 00:54:32,48397755
2020-05-06 23:54:32,48450323
2020-05-07 22:54:32,48501845
2020-05-08 21:54:32,48579034
2020-05-09 20:54:32,48643060
2020-05-10 19:54:32,48711408
2020-05-11 18:54:32,48785147
2020-05-12 17:54:32,48827911
2020-05-13 16:54:32,48863513
2020-05-14 15:54:32,48912156
2020-05-15 14:54:32,48985559
2020-05-16 13:54:32,49024388
2020-05-17 12:54:32,49056958
2020-05-18 11:54:32,49098935
2020-05-19 10:54:32,49145062
2020-05-20 09:54:32,49187869
2020-05-21 08:54:32,49227101
2020-05-22 07:54:32,49277711
2020-05-23 06:54:32,49309268
2020-05-24 05:54:32,49345089
2020-05-25 04:54:32,49392069
2020-05-26 03:54:32,49435577
2020-05-27 02:54:32,49466600
2020-05-28 01:54:32,49494360
2020-05-29 00:54:32,49534814
2020-05-29 23:54:32,49560457
2020-05-30 22:54:32,49584938
2020-05-31 21:54:32,49612974
2020-06-01 20:54:32,49649510
2020-06-02 19:54:32,49681375
2020-06-03 18:54:32,49709097
2020-06-04 17:54:32,49741292
2020-06-05 16:54:32,49777553
2020-06-06 15:54:32,49816588
2020-06-07 14:54:32,49841267
2020-06-08 13:54:32,49875848
2020-06-09 12:54:32,49902586
2020-06-10 11:54:32,49943688
2020-06-11 10:54:32,49977636
2020-06-12 09:54:32,50005986
2020-06-13 08:54:32,50051913
2020-06-14 07:54:32,50074411
2020-06-15 06:54:32,50108480
2020-06-16 05:54:32,50138247
2020-06-17 04:54:32,50183707
2020-06-18 03:54:32,50229741
2020-06-19 02:54:32,50254772
2020-06-20 01:54:32,50285579
2020-06-21 00:54:32,50325322
2020-06-21 23:54:32,50374707
2020-06-22 22:54:32,50415711
2020-06-23 21:54:32,50450420
2020-06-24 20:54:32,50493134
2020-06-25 19:54:32,50528385
2020-06-26 18:54:32,50558970
2020-06-27 17:54:32,50586619
2020-06-28 16:54:32,50632538
2020-06-29 15:54:32,50674320
2020-06-30 14:54:32,50707086
2020-07-01 13:54:32,50760420
2020-07-02 12:54:32,50790551
2020-07-03 11:54:32,50819572
2020-07-04 10:54:32,50849128
2020-07-05 09:54:32,50888757
2020-07-06 08:54:32,50922841
2020-07-07 07:54:32,50956444
2020-07-08 06:54:32,50999025
2020-07-09 05:54:32,51033047
2020-07-10 04:54:32,51072983
2020-07-11 03:54:32,51106037
2020-07-12 02:54:32,51154030
2020-07-13 01:54:32,51191262
2020-07-14 00:54:32,51229438
2020-07-14 23:54:32,51275890
2020-07-15 22:54:32,51317072
2020-07-16 21:54:32,51353381
2020-07-17 20:54:32,51390785
2020-07-18 19:54:32,51438971
2020-07-19 18:54:32,51467910
2020-07-20 17:54:32,51504055
2020-07-21 16:54:32,51559155
2020-07-22 15:54:32,51592769
2020-07-23 14:54:32,51642949
2020-07-24 13:54:32,51682492
2020-07-25 12:54:32,51744520
2020-07-26 11:54:32,51784631
2020-07-27 10:54:32,51821582
2020-07-28 09:54:32,51894605
2020-07-29 08:54:32,51933930
2020-07-30 07:54:32,51974441
2020-07-31 06:54:32,52016198
2020-08-01 05:54:32,52056004
2020-08-02 04:54:32,52092347
2020-08-03 03:54:32,52129050
2020-08-04 02:54:32,52179995
2020-08-05 01:54:32,52203973
2020-08-06 00:54:32,52239036
2020-08-06 23:54:32,52272414
2020-08-07 22:54:32,52313081
2020-08-08 21:54:32,52349422
2020-08-09 20:54:32,52379036
2020-08-10 19:54:32,52419945
2020-08-11 18:54:32,52458602
2020-08-12 17:54:32,52494126
2020-08-13 16:54:32,52540394
2020-08-14 15:54:32,52580626
2020-08-15 14:54:32,52613749
2020-08-16 13:54:32,52664855
2020-08-17 12:54:32,52691679
2020-08-18 11:54:32,52723143
2020-08-19 10:54:32,52761769
2020-08-20 09:54:32,52802179
2020-08-21 08:54:32,52832604
2020-08-22 07:54:32,52866757
2020-08-23 06:54:32,52905086
2020-08-24 05:54:32,52932566
2020-08-25 04:54:32,52969897
2020-08-26 03:54:32,52996752
2020-08-27 02:54:32,53033100
2020-08-28 01:54:32,53064150
2020-08-29 00:54:32,53092773
2020-08-29 23:54:32,53125885
2020-08-30 22:54:32,53156377
2020-08-31 21:54:32,53185834
2020-09-01 20:54:32,53215210
2020-09-02 19:54:32,53256853
2020-09-03 18:54:32,53290770
2020-09-04 17:54:32,53320829
2020-09-05 16:54:32,53356274
2020-09-06 15:54:32,53384436
2020-09-07 14:54:32,53405701
2020-09-08 13:54:32,53431626
2020-09-09 12:54:32,53473965
2020-09-10 11:54:32,53504279
2020-09-11 10:54:32,53528534
2020-09-12 09:54:32,53575212
2020-09-13 08:54:32,53602438
2020-09-14 07:54:32,53634790
2020-09-15 06:54:32,53662339
2020-09-16 05:54:32,53703778
2020-09-17 04:54:32,53738743
2020-09-18 03:54:32,53775172
2020-09-19 02:54:32,53816768
2020-09-20 01:54:32,53848460
2020-09-21 00:54:32,53897442
2020-09-21 23:54:32,53933673
2020-09-22 22:54:32,53969300
2020-09-23 21:54:32,54003620
2020-09-24 20:54:32,54042376
2020-09-25 19:54:32,54070881
2020-09-26 18:54:32,54103040
2020-09-27 17:54:32,54148169
2020-09-28 16:54:32,54176009
2020-09-29 15:54:32,54216169
2020-09-30 14:54:32,54253128
2020-10-01 13:54:32,54309711
2020-10-02 12:54:32,54342007
2020-10-03 11:54:32,54368858
2020-10-04 10:54:32,54407145
2020-10-05 09:54:32,54447673
2020-10-06 08:54:32,54483954
2020-10-07 07:54:32,54516464
2020-10-08 06:54:32,54559430
2020-10-09 05:54:32,54597777
2020-10-10 04:54:32,54646160
2020-10-11 03:54:32,54701746
2020-10-12 02:54:32,54746017
2020-10-13 01:54:32,54800335
2020-10-14 00:54:32,54848355
2020-10-14 23:54:32,54918190
2020-10-15 22:54:32,54965359
2020-10-16 21:54:32,55000664
2020-10-17 20:54:32,55041177
2020-10-18 19:54:32,55079394
2020-10-19 18:54:32,55115853
2020-10-20 17:54:32,55148171
2020-10-21 16:54:32,55208001
2020-10-22 15:54:32,55247020
2020-10-23 14:54:32,55291812
2020-10-24 13:54:32,55352545
2020-10-25 12:54:32,55386127
2020-10-26 11:54:32,55432223
2020-10-27 10:54:32,55500633
2020-10-28 09:54:32,55535852
2020-10-29 08:54:32,55578714
2020-10-30 07:54:32,55613964
2020-10-31 06:54:32,55663355
2020-11-01 04:54:32,55693622
2020-11-02 03:54:32,55731554
2020-11-03 02:54:32,55774251
2020-11-04 01:54:32,55806696
2020-11-05 00:54:32,55889516
2020-11-05 23:54:32,55991743
2020-11-06 22:54:32,56146234
2020-11-07 21:54:32,56369296
2020-11-08 20:54:32,56596388
2020-11-09 19:54:32,56822220
2020-11-10 18:54:32,57020742
2020-11-11 17:54:32,57265035
2020-11-12 16:54:32,57461403
2020-11-13 15:54:32,57646148
2020-11-14 14:54:32,57816053
2020-11-15 13:54:32,58147334
2020-11-16 12:54:32,58263296
2020-11-17 11:54:32,58364033
2020-11-18 10:54:32,58542325
2020-11-19 09:54:32,58689767
2020-11-20 08:54:32,58824990
2020-11-21 07:54:32,59048695
2020-11-22 06:54:32,59186465
2020-11-23 05:54:32,59308600
2020-11-24 04:54:32,59454166
2020-11-25 03:54:32,59657223
2020-11-26 02:54:32,59805503
2020-11-27 01:54:32,59940448
2020-11-28 00:54:32,60040111
2020-11-28 23:54:32,60152825
2020-11-29 22:54:32,60237279
2020-11-30 21:54:32,60357819
2020-12-01 20:54:32,60467342
2020-12-02 19:54:32,60541444
2020-12-03 18:54:32,60610991
2020-12-04 17:54:32,60674403
2020-12-05 16:54:32,60776188
2020-12-06 15:54:32,60858512
2020-12-07 14:54:32,60922790
2020-12-08 13:54:32,61016753
2020-12-09 12:54:32,61127988
2020-12-10 11:54:32,61225661
2020-12-11 10:54:32,61332291
2020-12-12 09:54:32,61461401
2020-12-13 08:54:32,61536828
2020-12-14 07:54:32,61613894
2020-12-15 06:54:32,61753381
2020-12-16 05:54:32,61840368
2020-12-17 04:54:32,61942502
2020-12-18 03:54:32,62047818
2020-12-19 02:54:32,62176235
2020-12-20 01:54:32,62272252
2020-12-21 00:54:32,62354757
2020-12-21 23:54:32,62488080
2020-12-22 22:54:32,62567166
2020-12-23 21:54:32,62651498
2020-12-24 20:54:32,62753715
2020-12-25 19:54:32,62874240
2020-12-26 18:54:32,62962878
2020-12-27 17:54:32,63057974
2020-12-28 16:54:32,63199039
2020-12-29 15:54:32,63288279
2020-12-30 14:54:32,63383554
2020-12-31 13:54:32,63444806
2021-01-01 12:54:32,63530742
2021-01-02 11:54:32,63600491
2021-01-03 10:54:32,63682302
2021-01-04 09:54:32,63796004
2021-01-05 08:54:32,63880946
2021-01-06 07:54:32,64020580
2021-01-07 06:54:32,64082962
2021-01-08 05:54:32,64191549
2021-01-09 04:54:32,64285668
2021-01-10 03:54:32,64357455
2021-01-11 02:54:32,64461777
2021-01-12 01:54:32,64536979
2021-01-13 00:54:32,64617470
2021-01-13 23:54:32,64695348
2021-01-14 22:54:32,64785694
2021-01-15 21:54:32,64848599
2021-01-16 20:54:32,64923857
2021-01-17 19:54:32,65014597
2021-01-18 18:54:32,65098378
2021-01-19 17:54:32,65174449
2021-01-20 16:54:32,65272983
2021-01-21 15:54:32,65374335
2021-01-22 14:54:32,65440298
2021-01-23 13:54:32,65508092
2021-01-24 12:54:32,65614420
2021-01-25 11:54:32,65694409
2021-01-26 10:54:32,65750489
2021-01-27 09:54:32,65809606
2021-01-28 08:54:32,65918891
2021-01-29 07:54:32,65992877
2021-01-30 06:54:32,66079916
2021-01-31 05:54:32,66169848
2021-02-01 04:54:32,66237805
2021-02-02 03:54:32,66315288
2021-02-03 02:54:32,66388207
2021-02-04 01:54:32,66471926
2021-02-05 00:54:32,66529695
2021-02-05 23:54:32,66600049
2021-02-06 22:54:32,66700696
2021-02-07 21:54:32,66784607
2021-02-08 20:54:32,66869436
2021-02-09 19:54:32,66955606
2021-02-10 18:54:32,67085259
2021-02-11 17:54:32,67161038
2021-02-12 16:54:32,67237407
2021-02-13 15:54:32,67338918
2021-02-14 14:54:32,67436812
2021-02-15 13:54:32,67528022
2021-02-16 12:54:32,67618994
2021-02-17 11:54:32,67721500
2021-02-18 10:54:32,67797606
2021-02-19 09:54:32,67886788
2021-02-20 08:54:32,68014652
2021-02-21 07:54:32,68112275
2021-02-22 06:54:32,68174338
2021-02-23 05:54:32,68259437
2021-02-24 04:54:32,68401902
2021-02-25 03:54:32,68463497
2021-02-26 02:54:32,68529522
2021-02-27 01:54:32,68597845
2021-02-28 00:54:32,68704847
2021-02-28 23:54:32,68788671
2021-03-01 22:54:32,68845871
2021-03-02 21:54:32,68919356
2021-03-03 20:54:32,68970270
2021-03-04 19:54:32,69036146
2021-03-05 18:54:32,69083665
2021-03-06 17:54:32,69134392
2021-03-07 16:54:32,69193898
2021-03-08 15:54:32,69254753
2021-03-09 14:54:32,69280653
2021-03-10 13:54:32,69336275
2021-03-11 12:54:32,69380920
2021-03-12 11:54:32,69445353
2021-03-13 10:54:32,69501333
2021-03-14 10:54:32,69549110
2021-03-15 09:54:32,69622192
2021-03-16 08:54:32,69676846
2021-03-17 07:54:32,69721461
2021-03-18 06:54:32,69785694
2021-03-19 05:54:32,69854256
2021-03-20 04:54:32,69904889
2021-03-21 03:54:32,69963783
2021-03-22 02:54:32,70026626
2021-03-23 01:54:32,70109532
2021-03-24 00:54:32,70180125
2021-03-24 23:54:32,70242502
2021-03-25 22:54:32,70298536
2021-03-26 21:54:32,70342663
2021-03-27 20:54:32,70388097
2021-03-28 19:54:32,70433591
2021-03-29 18:54:32,70495864
2021-03-30 17:54:32,70550972
2021-03-31 16:54:32,70620958
2021-04-01 15:54:32,70726014
2021-04-02 14:54:32,70808398
2021-04-03 13:54:32,70855732
2021-04-04 12:54:32,70905376
2021-04-05 11:54:32,70985436
2021-04-06 10:54:32,71041410
2021-04-07 09:54:32,71073475
2021-04-08 08:54:32,71131803
2021-04-09 07:54:32,71168582
2021-04-10 06:54:32,71213295
2021-04-11 05:54:32,71245521
2021-04-12 04:54:32,71295712
2021-04-13 03:54:32,71359006
2021-04-14 02:54:32,71413080
2021-04-15 01:54:32,71472480
2021-04-16 00:54:32,71517189
2021-04-16 23:54:32,71581407
2021-04-17 22:54:32,71626566
2021-04-18 21:54:32,71678135
2021-04-19 20:54:32,71716503
2021-04-20 19:54:32,71761811
2021-04-21 18:54:32,71813518
2021-04-22 17:54:32,71859594
2021-04-23 16:54:32,71916191
2021-04-24 15:54:32,71952166
2021-04-25 14:54:32,72007338
2021-04-26 13:54:32,72047715
2021-04-27 12:54:32,72092999
2021-04-28 11:54:32,72166244
2021-04-29 10:54:32,72193338
2021-04-30 09:54:32,72226589
2021-05-01 08:54:32,72270507
2021-05-02 07:54:32,72335112
2021-05-03 06:54:32,72372449
2021-05-04 05:54:32,72410670
2021-05-05 04:54:32,72472154
2021-05-06 03:54:32,72511155
2021-05-07 02:54:32,72556393
2021-05-08 01:54:32,72595122
2021-05-09 00:54:32,72641463
2021-05-09 23:54:32,72680001
2021-05-10 22:54:32,72724759
2021-05-11 21:54:32,72767118
2021-05-12 20:54:32,72807185
2021-05-13 19:54:32,72846153
2021-05-14 18:54:32,72878672
2021-05-15 17:54:32,72921238
2021-05-16 16:54:32,72951528
2021-05-17 15:54:32,72981022
2021-05-18 14:54:32,73024411
2021-05-19 13:54:32,73071429
2021-05-20 12:54:32,73105858
2021-05-21 11:54:32,73131001
2021-05-22 10:54:32,73169557
2021-05-23 09:54:32,73210705
2021-05-24 08:54:32,73239712
2021-05-25 07:54:32,73295871
2021-05-26 06:54:32,73345100
2021-05-27 05:54:32,73386080
2021-05-28 04:54:32,73413020
2021-05-29 03:54:32,73443309
2021-05-30 02:54:32,73469726
2021-05-31 01:54:32,73505015
2021-06-01 00:54:32,73510158
2021-06-01 23:54:32,73510158
2021-06-02 22:54:32,73510158
2021-06-03 21:54:32,73639297
2021-06-04 20:54:32,73683686
2021-06-05 19:54:32,73719164
2021-06-06 18:54:32,73759550
2021-06-07 17:54:32,73797771
2021-06-08 16:54:32,73849530
2021-06-09 15:54:32,73900191
2021-06-10 14:54:32,73919208
2021-06-11 13:54:32,73942302
2021-06-12 12:54:32,73971846
2021-06-13 11:54:32,74014618
2021-06-14 10:54:32,74039990
2021-06-15 09:54:32,74063489
2021-06-16 08:54:32,74424320
2021-06-17 07:54:32,74424320
2021-06-18 06:54:32,74424320
2021-06-19 05:54:32,74424320
2021-06-20 04:54:32,74424320
2021-06-21 03:54:32,74424320
2021-06-22 02:54:32,74424320
2021-06-23 01:54:32,74424320
2021-06-24 00:54:32,74424320
2021-06-24 23:54:32,74424320
2021-06-25 22:54:32,74424320
2021-06-26 21:54:32,74424320
2021-06-27 20:54:32,74424320
2021-06-28 19:54:32,74449608
2021-06-29 18:54:32,74485611
2021-06-30 17:54:32,74514450
2021-07-01 16:54:32,74557357
2021-07-02 15:54:32,74572896
2021-07-03 14:54:32,74586270
2021-07-04 13:54:32,74605463
2021-07-05 12:54:32,74620906
2021-07-06 11:54:32,74634833
2021-07-07 10:54:32,74648910
2021-07-08 09:54:32,74669057
2021-07-09 08:54:32,74689421
2021-07-10 07:54:32,74709425
2021-07-11 06:54:32,74727371
2021-07-12 05:54:32,74739280
2021-07-13 04:54:32,74753626
2021-07-14 03:54:32,74770429
2021-07-15 02:54:32,74791920
2021-07-16 01:54:32,74806376
2021-07-17 00:54:32,74821145
2021-07-17 23:54:32,74837590
2021-07-18 22:54:32,74850926
2021-07-19 21:54:32,74868412
2021-07-20 20:54:32,74886765
2021-07-21 19:54:32,74909841
2021-07-22 18:54:32,74924471
2021-07-23 17:54:32,74938171
2021-07-24 16:54:32,74961568
2021-07-25 15:54:32,74978529
2021-07-26 14:54:32,74994101
2021-07-27 13:54:32,75010719
2021-07-28 12:54:32,75037002
2021-07-29 11:54:32,75057878
2021-07-30 10:54:32,75074767
2021-07-31 09:54:32,75097601
2021-08-01 08:54:32,75111273
2021-08-02 07:54:32,75125357
2021-08-03 06:54:32,75143442
2021-08-04 05:54:32,75166415
2021-08-05 04:54:32,75183996
2021-08-06 03:54:32,75203826
2021-08-07 02:54:32,75225919
2021-08-08 01:54:32,75245414
2021-08-09 00:54:32,75265428
2021-08-09 23:54:32,75283945
2021-08-10 22:54:32,75312418
2021-08-11 21:54:32,75336013
2021-08-12 20:54:32,75368411
2021-08-13 19:54:32,75539738
2021-08-14 18:54:32,75566791
2021-08-15 17:54:32,75591608
2021-08-16 16:54:32,75611271
2021-08-17 15:54:32,75660018
2021-08-18 14:54:32,75704499
2021-08-19 13:54:32,75762671
2021-08-20 12:54:32,75844665
2021-08-21 11:54:32,75884925
2021-08-22 10:54:32,75931338
2021-08-23 09:54:32,75982780
2021-08-24 08:54:32,76043044
2021-08-25 07:54:32,76123028
2021-08-26 06:54:32,76179660
2021-08-27 05:54:32,76212427
2021-08-28 04:54:32,76231674
2021-08-29 03:54:32,76247598
2021-08-30 02:54:32,76274659
2021-08-31 01:54:32,76294143
2021-09-01 00:54:32,76320055
2021-09-01 23:54:32,76339142
2021-09-02 22:54:32,76360954
2021-09-03 21:54:32,76386399
2021-09-04 20:54:32,76407261
2021-09-05 19:54:32,76427190
2021-09-06 18:54:32,76453536
2021-09-07 17:54:32,76483094
2021-09-08 16:54:32,76504240
2021-09-09 15:54:32,76522341
2021-09-10 14:54:32,76551550
2021-09-11 13:54:32,76571979
2021-09-12 12:54:32,76588606
2021-09-13 11:54:32,76606245
2021-09-14 10:54:32,76635087
2021-09-15 09:54:32,76656111
2021-09-16 08:54:32,76672213
2021-09-17 07:54:32,76696579
2021-09-18 06:54:32,76712169
2021-09-19 05:54:32,76729521
2021-09-20 04:54:32,76747283
2021-09-21 03:54:32,76769220
2021-09-22 02:54:32,76787139
2021-09-23 01:54:32,76805385
2021-09-24 00:54:32,76835328
2021-09-24 23:54:32,76874332
2021-09-25 22:54:32,76915829
2021-09-26 21:54:32,76952225
2021-09-27 20:54:32,76998230
2021-09-28 19:54:32,77024898
2021-09-29 18:54:32,77068146
2021-09-30 17:54:32,77118414
2021-10-01 16:54:32,77138085
2021-10-02 15:54:32,77155627
2021-10-03 14:54:32,77178065
2021-10-04 13:54:32,77211165
2021-10-05 12:54:32,77237045
2021-10-06 11:54:32,77260316
2021-10-07 10:54:32,77295871
2021-10-08 09:54:32,77318422
2021-10-09 08:54:32,77362707
2021-10-10 07:54:32,77397714
2021-10-11 06:54:32,77453533
2021-10-12 05:54:32,77492237
2021-10-13 04:54:32,77540795
2021-10-14 03:54:32,77596064
2021-10-15 02:54:32,77630617
2021-10-16 01:54:32,77663058
2021-10-17 00:54:32,77694910
2021-10-17 23:54:32,77728224
2021-10-18 22:54:32,77757885
2021-10-19 21:54:32,77781139
2021-10-20 20:54:32,77819734
2021-10-21 19:54:32,77854371
2021-10-22 18:54:32,77881078
2021-10-23 17:54:32,77904075
2021-10-24 16:54:32,77945070
2021-10-25 15:54:32,77963440
2021-10-26 14:54:32,77989842
2021-10-27 13:54:32,78056699
2021-10-28 12:54:32,78170558
2021-10-29 11:54:32,78273766
2021-10-30 10:54:32,78374250
2021-10-31 09:54:32,78488417
2021-11-01 08:54:32,78578041
2021-11-02 07:54:32,78662032
2021-11-03 06:54:32,78795138
2021-11-04 05:54:32,78830965
2021-11-05 04:54:32,78857341
2021-11-06 03:54:32,78885110
2021-11-07 01:54:32,78913094
2021-11-08 00:54:32,78935540
2021-11-08 23:54:32,78959960
2021-11-09 22:54:32,78992903
2021-11-10 21:54:32,79019144
2021-11-11 20:54:32,79044345
2021-11-12 19:54:32,79069148
2021-11-13 18:54:32,79088382
2021-11-14 17:54:32,79106032
2021-11-15 16:54:32,79134603
2021-11-16 15:54:32,79157928
2021-11-17 14:54:32,79177067
2021-11-18 13:54:32,79207196
2021-11-19 12:54:32,79229260
2021-11-20 11:54:32,79257843
2021-11-21 10:54:32,79279942
2021-11-22 09:54:32,79312852
2021-11-23 08:54:32,79336048
2021-11-24 07:54:32,79354542
2021-11-25 06:54:32,79381666
2021-11-26 05:54:32,79415671
2021-11-27 04:54:32,79445964
2021-11-28 03:54:32,79476573
2021-11-29 02:54:32,79512590
2021-11-30 01:54:32,79543833
2021-12-01 00:54:32,79573508
2021-12-01 23:54:32,79602869
2021-12-02 22:54:32,79625523
2021-12-03 21:54:32,79648596
2021-12-04 20:54:32,79669405
2021-12-05 19:54:32,79695654
2021-12-06 18:54:32,79718879
2021-12-07 17:54:32,79736958
2021-12-08 16:54:32,79765217
2021-12-09 15:54:32,79782547
2021-12-10 14:54:32,79798309
2021-12-11 13:54:32,79818818
2021-12-12 12:54:32,79844469
2021-12-13 11:54:32,79864736
2021-12-14 10:54:32,79886879
2021-12-15 09:54:32,79918553
2021-12-16 08:54:32,79944526
2021-12-17 07:54:32,79960311
2021-12-18 06:54:32,79975338
2021-12-19 05:54:32,79996130
2021-12-20 04:54:32,80010913
2021-12-21 03:54:32,80029585
2021-12-22 02:54:32,80047759
2021-12-23 01:54:32,80069846
2021-12-24 00:54:32,80086927
2021-12-24 23:54:32,80101126
2021-12-25 22:54:32,80120904
2021-12-26 21:54:32,80138356
2021-12-27 20:54:32,80155152
2021-12-28 19:54:32,80173311
2021-12-29 18:54:32,80198267
2021-12-30 17:54:32,80216994
2021-12-31 16:54:32,80235416
2022-01-01 15:54:32,80257275
2022-01-02 14:54:32,80284756
2022-01-03 13:54:32,80338459
2022-01-04 12:54:32,80477041
2022-01-05 11:54:32,80520343
2022-01-06 10:54:32,80582153
2022-01-07 09:54:32,80606303
2022-01-08 08:54:32,80626762
2022-01-09 07:54:32,80658928
2022-01-10 06:54:32,80683295
2022-01-11 05:54:32,80710331
2022-01-12 04:54:32,80743816
2022-01-13 03:54:32,80767509
2022-01-14 02:54:32,80786360
2022-01-15 01:54:32,80814282
2022-01-16 00:54:32,80838629
2022-01-16 23:54:32,80870067
2022-01-17 22:54:32,80893451
2022-01-18 21:54:32,80926552
2022-01-19 20:54:32,80959157
2022-01-20 19:54:32,80984735
2022-01-21 18:54:32,81006522
2022-01-22 17:54:32,81031042
2022-01-23 16:54:32,81059244
2022-01-24 15:54:32,81081621
2022-01-25 14:54:32,81106246
2022-01-26 13:54:32,81120446
2022-01-27 12:54:32,81135969
2022-01-28 11:54:32,81157605
2022-01-29 10:54:32,81174191
2022-01-30 09:54:32,81186455
2022-01-31 08:54:32,81205194
2022-02-01 07:54:32,81218629
2022-02-02 06:54:32,81236156
2022-02-03 05:54:32,81255699
2022-02-04 04:54:32,81268811
2022-02-05 03:54:32,81282825
2022-02-06 02:54:32,81296447
2022-02-07 01:54:32,81313080
2022-02-08 00:54:32,81329789
2022-02-08 23:54:32,81344143
2022-02-09 22:54:32,81363436
2022-02-10 21:54:32,81377103
2022-02-11 20:54:32,81389605
2022-02-12 19:54:32,81403466
2022-02-13 18:54:32,81422319
2022-02-14 17:54:32,81433232
2022-02-15 16:54:32,81443520
2022-02-16 15:54:32,81461058
2022-02-17 14:54:32,81473667
2022-02-18 13:54:32,81487568
2022-02-19 12:54:32,81498925
2022-02-20 11:54:32,81515713
2022-02-21 10:54:32,81525852
2022-02-22 09:54:32,81538015
2022-02-23 08:54:32,81557938
2022-02-24 07:54:32,81568630
2022-02-25 06:54:32,81579684
2022-02-26 05:54:32,81591762
2022-02-27 04:54:32,81606108
2022-02-28 03:54:32,81618886
2022-03-01 02:54:32,81632031
2022-03-02 01:54:32,81649511
2022-03-03 00:54:32,81662780
2022-03-03 23:54:32,81678822
2022-03-04 22:54:32,81691649
2022-03-05 21:54:32,81707495
2022-03-06 20:54:32,81719605
2022-03-07 19:54:32,81734185
2022-03-08 18:54:32,81751636
2022-03-09 17:54:32,81765425
2022-03-10 16:54:32,81778201
2022-03-11 15:54:32,81793035
2022-03-12 14:54:32,81810020
2022-03-13 14:54:32,81821409
2022-03-14 13:54:32,81832073
2022-03-15 12:54:32,81850353
2022-03-16 11:54:32,81861985
2022-03-17 10:54:32,81877195
2022-03-18 09:54:32,81889986
2022-03-19 08:54:32,81909024
2022-03-20 07:54:32,81920962
2022-03-21 06:54:32,81935574
2022-03-22 05:54:32,81959806
2022-03-23 04:54:32,81981201
2022-03-24 03:54:32,82004615
2022-03-25 02:54:32,82028555
2022-03-26 01:54:32,82046096
2022-03-27 00:54:32,82061985
2022-03-27 23:54:32,82075248
2022-03-28 22:54:32,82092602
2022-03-29 21:54:32,82106185
2022-03-30 20:54:32,82121641
2022-03-31 19:54:32,82139682
2022-04-01 18:54:32,82152552
2022-04-02 17:54:32,82163558
2022-04-03 16:54:32,82175000
2022-04-04 15:54:32,82192345
2022-04-05 14:54:32,82207237
2022-04-06 13:54:32,82218818
2022-04-07 12:54:32,82236365
2022-04-08 11:54:32,82247539
2022-04-09 10:54:32,82258512
2022-04-10 09:54:32,82271753
2022-04-11 08:54:32,82288131
2022-04-12 07:54:32,82300339
2022-04-13 06:54:32,82312471
2022-04-14 05:54:32,82331128
2022-04-15 04:54:32,82346476
2022-04-16 03:54:32,82358892
2022-04-17 02:54:32,82370773
2022-04-18 01:54:32,82385099
2022-04-19 00:54:32,82398966
2022-04-19 23:54:32,82414492
2022-04-20 22:54:32,82429517
2022-04-21 21:54:32,82442747
2022-04-22 20:54:32,82460010