,year_month,total_btc_favor_count,perc_btc_favor_tweets,total_btc_favor_likes,total_btc_favor_retweets,avg_btc_sentiment_scores,var_btc_sentiment_scores,total_btc_favor_scores,avg_btc_favor_likes,avg_btc_favor_retweets,avg_btc_favor_scores,log_avg_btc_favor_likes,log_avg_btc_favor_retweets,log_avg_btc_favor_scores,year,month,cpi,month_ind,cpi_month_diff,cpi_year_diff,cpi_MoM,cpi_YoY,perc_btc_favor_tweets_diff,perc_btc_favor_tweets_MoM,avg_btc_favor_likes_diff,avg_btc_favor_retweets_diff,total_wallet,avg_price,avg_trx,log_avg_price,log_avg_trx,new_wallet,avg_price_month_diff,avg_trx_month_diff,log_avg_price_month_diff
1,2012-2,2,0.013888888888888888,0,0,0.006571527777777778,0.012771353519327892,1.7626,0.0,0.0,0.8813,0.0,0.0,0.6319630272349478,2012,Feb,227.663,2,0.9980000000000189,,1.0044029735512763,,-0.1617867867867868,0.07905982905982906,0.0,-0.15384615384615385,1916.5,5.291,7379.666666666667,1.8391200405878927,1.8391200405878927,-69771.5,-8.217,-30592.233333333334,-0.8355801808327634
2,2012-3,14,0.050359712230215826,0,13,0.019590287769784175,0.007745356259122668,5.5147,0.0,0.9285714285714286,0.3939071428571429,0.0,0.6567795363890705,0.33211069810899574,2012,Mar,229.392,3,1.728999999999985,,1.007594558623931,,0.03647082334132694,3.6258992805755397,0.0,0.9285714285714286,3148.0,5.015,6738.2,1.7942563494266421,1.7942563494266421,1231.5,-0.2760000000000007,-641.4666666666672,-0.04486369116125055
3,2012-4,11,0.039568345323741004,1,2,0.017926978417266187,0.011772146598057297,5.5642000000000005,0.09090909090909091,0.18181818181818182,0.5058363636363636,0.08701137698962977,0.1670540846631662,0.4093484671902251,2012,Apr,230.085,4,0.693000000000012,,1.0030210295040805,,-0.010791366906474822,0.7857142857142857,0.09090909090909091,-0.7467532467532467,4511.0,5.047,7229.2,1.7995622812910759,1.7995622812910759,1363.0,0.03200000000000003,491.0,0.005305931864433733
4,2012-5,4,0.016666666666666666,5,7,0.0049904166666666664,0.007515513840829849,2.0704000000000002,1.25,1.75,0.5176000000000001,0.8109302162163288,1.0116009116784799,0.4171301396386674,2012,May,229.815,5,-0.27000000000001023,,0.9988265206336788,,-0.022901678657074338,0.42121212121212126,1.1590909090909092,1.5681818181818181,7174.0,5.108,20539.454545454544,1.809599387356386,1.809599387356386,2663.0,0.06099999999999994,13310.254545454543,0.010037106065310164
5,2012-6,13,0.18055555555555555,1,1,0.080125,0.06134250556338028,6.908,0.07692307692307693,0.07692307692307693,0.5313846153846155,0.07410797215372188,0.07410797215372188,0.4261723035347711,2012,Jun,229.478,6,-0.3369999999999891,,0.9985336031155495,,0.1638888888888889,10.833333333333336,-1.1730769230769231,-1.6730769230769231,10172.0,6.0089999999999995,29755.5,1.9471950375181877,1.9471950375181877,2998.0,0.9009999999999998,9216.045454545456,0.13759565016180164
6,2012-7,25,0.09652509652509653,0,2,0.043316988416988424,0.023901276221902978,12.0028,0.0,0.08,0.48011200000000004,0.0,0.07696104113612832,0.3921177605884399,2012,Jul,229.104,7,-0.3739999999999952,,0.9983702141381745,,-0.08403045903045903,0.5346005346005346,-0.07692307692307693,0.0030769230769230743,13024.0,8.032727272727273,27946.0,2.200854345386798,2.200854345386798,2852.0,2.0237272727272737,-1809.5,0.25365930786861024
7,2012-8,23,0.22115384615384615,1,3,0.09016730769230769,0.045394819309185964,10.6095,0.043478260869565216,0.13043478260869565,0.4612826086956522,0.04255961441879593,0.12260232209233235,0.37931454917236423,2012,Aug,230.379,8,1.2749999999999773,,1.005565158181437,,0.12462874962874962,2.291153846153846,0.043478260869565216,0.05043478260869565,18467.0,11.482,34624.5,2.524287606511851,2.524287606511851,5443.0,3.449272727272726,6678.5,0.3234332611250532
8,2012-9,5,0.03184713375796178,1,2,0.012005732484076433,0.011776886441286943,2.6848,0.2,0.4,0.53696,0.18232155679395462,0.33647223662121295,0.4298064394943225,2012,Sep,231.407,9,1.02800000000002,,1.0044622122676112,,-0.18930671239588437,0.14400443090556633,0.1565217391304348,0.26956521739130435,25464.0,11.655,31646.5,2.5380523939970874,2.5380523939970874,6997.0,0.17300000000000004,-2978.0,0.01376478748523624
9,2012-10,11,0.16923076923076924,0,4,0.08394923076923076,0.03639560410096154,5.4567,0.0,0.36363636363636365,0.4960636363636363,0.0,0.3101549283038395,0.4028374163238117,2012,Oct,231.317,10,-0.09000000000000341,,0.9996110748594468,,0.13655103066867774,5.17846153846154,0.0,0.36363636363636365,32425.0,12.053,30083.090909090908,2.569017992406653,2.569017992406653,31667.0,5.556000000000001,23544.81818181818,0.554515051885728
10,2012-11,12,0.16666666666666666,0,0,0.08322500000000001,0.04827353457746478,6.42,0.0,0.0,0.535,0.0,0.0,0.4285303810391605,2012,Nov,230.221,11,-1.0960000000000036,,0.995261913305118,,-0.0025641025641025827,0.9848484848484848,0.0,-0.36363636363636365,42576.5,11.59909090909091,30285.9,2.5336246612823405,2.5336246612823405,10151.5,-0.45390909090909126,202.80909090909336,-0.03539333112431242
11,2012-12,13,0.17567567567567569,0,2,0.07345405405405406,0.038934379777860045,6.0911,0.0,0.15384615384615385,0.46854615384615383,0.0,0.14310084364067333,0.38427290040756173,2012,Dec,229.601,12,-0.6200000000000045,,0.9973069355097928,,0.009009009009009028,1.0540540540540542,0.0,0.15384615384615385,71688.0,13.508000000000001,37971.9,2.674700221420656,2.674700221420656,29111.5,1.9089090909090913,7686.0,0.14107556013831557
12,2013-1,10,0.125,0,1,0.055251249999999995,0.022264716454113924,4.4201,0.0,0.1,0.44200999999999996,0.0,0.09531017980432487,0.36603797365147167,2013,Jan,230.28,1,0.679000000000002,3.615000000000009,1.002957304192926,1.0159486466812255,0.09315286624203822,3.9250000000000007,-0.2,-0.30000000000000004,93134.0,15.659,46778.36363636364,2.81295061092758,2.81295061092758,67670.0,4.004000000000001,15131.86363636364,0.27489821693049254
13,2013-2,7,0.021021021021021023,0,4,0.007503303303303304,0.004755269416766166,2.9264,0.0,0.5714285714285714,0.41805714285714285,0.0,0.4519851237430572,0.34928772550471465,2013,Feb,232.166,2,1.8859999999999957,4.502999999999986,1.0081900295292687,1.0197792350974906,-0.33197193672545783,0.05955082264309197,-0.7817955112219451,-0.8238332739579624,110457.0,26.381,58895.88888888889,3.30984934220285,3.30984934220285,-746058.5,-771.529,-3090.011111111111,-3.3733989564179723
14,2013-3,19,0.0472636815920398,3,7,0.005087810945273632,0.019295065412153704,8.1299,0.15789473684210525,0.3684210526315789,0.4278894736842105,0.1466034741918754,0.3136575588550416,0.356197461541101,2013,Mar,232.773,3,0.6069999999999993,3.3810000000000002,1.002614508584375,1.0147389621259677,0.02624266057101878,2.2484008528784645,0.15789473684210525,-0.20300751879699247,143303.0,59.0,54681.2,4.0943445622221,4.0943445622221,32846.0,32.619,-4214.688888888893,0.7844952200192505
15,2013-4,216,0.1956521739130435,13,43,0.14163215579710148,0.10923803877467746,170.16150000000002,0.06018518518518518,0.19907407407407407,0.7877847222222223,0.058443595870074645,0.18154965401537274,0.5809772680607769,2013,Apr,232.531,4,-0.24199999999999022,2.445999999999998,0.9989603605229129,1.0106308538148945,0.14838849232100368,4.139588100686498,-0.09770955165692008,-0.16934697855750486,226475.0,131.674,58392.3,4.887894991470555,4.887894991470555,83172.0,72.674,3711.100000000006,0.7935504292484543
16,2013-5,822,0.5661157024793388,27,364,0.468902479338843,0.1914442264583556,695.4268000000001,0.032846715328467155,0.44282238442822386,0.8460180048661802,0.0323187912551674,0.3666011845014909,0.6130308894817308,2013,May,232.945,5,0.41399999999998727,3.1299999999999955,1.0017804077735872,1.0136196505885169,0.3704635285662954,2.893480257116621,-0.027338469856718027,0.2437483103541498,265186.0,119.81500000000001,55919.5,4.7942604499774175,4.7942604499774175,38711.0,-11.858999999999995,-2472.800000000003,-0.09363454149313721
17,2013-6,321,0.2910244786944696,13,77,0.2313962828649139,0.1547387760932484,267.4669,0.040498442367601244,0.2398753894080997,0.8332302180685358,0.03969986984668455,0.21501088215442185,0.6060795572986342,2013,Jun,233.504,6,0.5589999999999975,4.025999999999982,1.0023997080855995,1.017544165453769,-0.2750912237848692,0.5140724368179682,0.007651727039134089,-0.20294699502012417,312136.0,108.66900000000001,48108.6,4.697466738466663,4.697466738466663,46950.0,-11.146,-7810.9000000000015,-0.09679371151075422
18,2013-7,64,0.07901234567901234,1,81,0.03550320987654321,0.0339116202369027,39.9547,0.015625,1.265625,0.6242921875,0.015504186535965254,0.8178506590609025,0.48507214396744003,2013,Jul,233.596,7,0.09200000000001296,4.49199999999999,1.000393997533233,1.019606816118444,-0.2120121330154573,0.27149725010576514,-0.024873442367601244,1.0257496105919004,356243.0,90.468,38860.90909090909,4.515989184336848,4.515989184336848,44107.0,-18.201000000000008,-9247.69090909091,-0.18147755412981503
19,2013-8,73,0.07969432314410481,3,45,0.040102292576419216,0.03412810293462904,46.6527,0.0410958904109589,0.6164383561643836,0.6390780821917809,0.040273899137939946,0.48022518331727365,0.49413393876835315,2013,Aug,233.877,8,0.2810000000000059,3.498000000000019,1.0012029315570472,1.015183675595432,0.0006819774650924648,1.0086312772925765,0.025470890410958902,-0.6491866438356164,383949.0,107.8690909090909,55166.5,4.690146159615651,4.690146159615651,27706.0,17.401090909090897,16305.590909090912,0.17415697527880258
20,2013-9,22,0.03709949409780776,0,13,0.000650421585160203,0.010320097470261158,10.0475,0.0,0.5909090909090909,0.4567045454545454,0.0,0.46430560813109784,0.3761767238458368,2013,Sep,234.149,9,0.27199999999999136,2.7419999999999902,1.0011630044852635,1.0118492526155216,-0.04259482904629705,0.46552241909030007,-0.0410958904109589,-0.025529265255292644,432914.0,125.799,54219.7,4.842603155536696,4.842603155536696,48965.0,17.929909090909106,-946.8000000000029,0.1524569959210451
21,2013-10,140,0.12704174228675136,2,3,0.050342196007259525,0.025770926455845274,64.1163,0.014285714285714285,0.02142857142857143,0.45797357142857137,0.014184634991956432,0.021202207650602982,0.37704750682997706,2013,Oct,233.546,10,-0.6030000000000086,2.228999999999985,0.9974247167401953,1.009636127046434,0.002041742286751358,1.0163339382940109,0.014285714285714285,-0.07857142857142857,480756.0,154.107,51155.7,5.044115201336859,5.044115201336859,387622.0,138.448,4377.336363636357,2.231164590409279
22,2013-11,340,0.20807833537331702,27,67,0.07918623011015911,0.03965192482558329,150.7288,0.07941176470588235,0.19705882352941176,0.44332000000000005,0.07641623044436319,0.17986756783238791,0.3669460154283307,2013,Nov,233.069,11,-0.47700000000000387,2.8479999999999848,0.9979575758094765,1.012370722045339,0.08103659308656566,1.637873754152824,0.06512605042016806,0.17563025210084032,550257.0,505.287,66820.18181818182,6.22710370216982,6.22710370216982,69501.0,351.17999999999995,15664.481818181826,1.1829885008329608
23,2013-12,802,0.3529929577464789,627,1119,0.1437573943661972,0.05188133171984797,352.6686,0.7817955112219451,1.3952618453865338,0.43973640897755617,0.5776215700633529,0.8734925549020423,0.364460047511196,2013,Dec,233.049,12,-0.01999999999998181,3.4480000000000075,0.9999141885021174,1.015017356196184,0.14491462237316186,1.696442626346313,0.7023837465160627,1.198203021857122,856515.5,797.91,61985.9,6.683248298620822,6.683248298620822,306258.5,292.623,-4834.281818181822,0.45614459645100247
24,2014-1,614,0.3569767441860465,126,168,0.14661348837209304,0.05113418932348438,269.0119,0.20521172638436483,0.2736156351791531,0.43813013029315967,0.18665525805107297,0.24185981239816862,0.3633437491496985,2014,Jan,233.916,1,0.8669999999999902,3.6359999999999957,1.003720247673236,1.0157894736842106,0.31987725008823875,9.622145877378433,0.20521172638436483,-0.31729345572993783,1081937.0,819.8799999999999,61444.1,6.7103769355539535,6.7103769355539535,649023.0,694.0809999999999,7224.4000000000015,1.8677737800172576
25,2014-2,502,0.2670212765957447,111,134,0.11465510638297872,0.04521825118200049,229.55380000000002,0.22111553784860558,0.26693227091633465,0.4572784860557769,0.1997648162444822,0.23659844364839294,0.37657064556909114,2014,Feb,234.781,2,0.8650000000000091,2.615000000000009,1.0036979086509688,1.0112634925010553,-0.15274342928660822,0.6361213147600421,0.018200739642327546,-0.5705116752720062,1230466.0,667.8611111111111,65463.3,6.505576431865124,6.505576431865124,-1436062.5,322.00811111111113,-20770.88181818182,0.6566753727991985
26,2014-3,498,0.23076923076923078,186,460,0.09822159406858204,0.041778332616465644,226.77290000000002,0.37349397590361444,0.9236947791164659,0.45536726907630526,0.3173578405978975,0.6542477009462077,0.3752582873803832,2014,Mar,236.293,3,1.5120000000000005,3.5200000000000102,1.0064400441262282,1.0151220287576308,-0.03625204582651392,0.864235366227398,0.15237843805500886,0.6567625082001313,1395223.5,603.768,70485.3,6.404844913412627,6.404844913412627,164757.5,-64.09311111111106,5022.0,-0.10073151845249662
27,2014-4,522,0.2820097244732577,161,653,0.12433819556996219,0.04552344072949906,238.8161,0.30842911877394635,1.2509578544061302,0.4575021072796935,0.26882727168815135,0.8113558386956206,0.3767240850594367,2014,Apr,237.072,4,0.7789999999999964,4.540999999999997,1.0032967544531577,1.0195285789851676,0.05124049370402689,1.2220421393841165,-0.06506485712966809,0.32726307528966425,1526798.0,467.395,60687.3,6.149311957029526,6.149311957029526,131574.5,-136.37300000000005,-9798.0,-0.25553295638310125
28,2014-5,434,0.24785836664762992,81,473,0.11906179326099373,0.0512254133451253,214.01080000000002,0.18663594470046083,1.0898617511520738,0.4931124423963134,0.1711223665633313,0.7370979160147318,0.4008628287796492,2014,May,237.9,5,0.828000000000003,4.9550000000000125,1.0034926098400485,1.0212711154993668,-0.034151357825627754,0.8789000702390096,-0.12179317407348553,-0.16109610325405632,1610679.0,483.7081818181818,65232.9,6.183547022878414,6.183547022878414,83881.0,16.313181818181818,4545.5999999999985,0.03423506584888791
29,2014-6,533,0.2678391959798995,116,704,0.11669060301507538,0.04457731056524713,240.6129,0.2176360225140713,1.320825515947467,0.4514313320825516,0.19691129253824546,0.8419229482266434,0.3725501951185937,2014,Jun,238.343,6,0.44299999999998363,4.838999999999999,1.0018621269440942,1.0207234137316705,0.019980829332269606,1.0806138989880278,0.03100007781361047,0.23096376479539327,1741348.5,614.49,59513.8,6.422418698538829,6.422418698538829,130669.5,130.7818181818182,-5719.0999999999985,0.23887167566041523
30,2014-7,490,0.26344086021505375,202,777,0.1119241935483871,0.04049585861823033,216.4605,0.4122448979591837,1.5857142857142856,0.4417561224489796,0.3451805645129973,0.9500017892164667,0.36586190004432306,2014,Jul,238.25,7,-0.09299999999998931,4.653999999999996,0.9996098060358392,1.019923286357643,-0.004398335764845773,0.9835784462062982,0.19460887544511238,0.2648887697668185,1887510.0,621.63,61169.4,6.433952441877164,6.433952441877164,146161.5,7.139999999999986,1655.5999999999985,0.0115337433383349
31,2014-8,570,0.32777458309373203,293,832,0.13921673375503163,0.04515523042753029,249.5806,0.5140350877192983,1.4596491228070176,0.43786070175438596,0.41477833025483213,0.9000187067659395,0.3631563851730407,2014,Aug,237.852,8,-0.39799999999999613,3.9749999999999943,0.9983294858342078,1.0169961133416283,0.06433372287867828,1.2442055603149829,0.10179018976011461,-0.126065162907268,2022619.0,544.773,67755.90909090909,6.302203138380781,6.302203138380781,135109.0,-76.85699999999997,6586.509090909087,-0.1317493034963828
32,2014-9,545,0.3385093167701863,199,575,0.14564931677018636,0.04613158590692891,240.818,0.3651376146788991,1.055045871559633,0.44186788990825693,0.3112552401698478,0.7202981696258961,0.3659394187907715,2014,Sep,238.031,9,0.17900000000000205,3.882000000000005,1.0007525688243109,1.0165791867571503,0.010734733676454278,1.032750354146235,-0.1488974730403992,-0.4046032512473847,2206350.0,450.254,71721.6,6.112030373873731,6.112030373873731,183731.0,-94.519,3965.6909090909176,-0.19017276450705012
33,2014-10,782,0.443562110039705,262,756,0.19119018718094158,0.0517906022702828,344.7979,0.3350383631713555,0.9667519181585678,0.44091803069053714,0.28896002789727293,0.6763834095202782,0.3652804317703988,2014,Oct,237.433,10,-0.5980000000000132,3.8870000000000005,0.9974877221874461,1.0166434021563204,0.0865853658536585,1.2425518391991737,0.12982663678699066,0.6931362829794147,2381387.0,367.9563636363636,77835.8,5.910678381319755,5.910678381319755,1299450.0,-451.92363636363626,16391.700000000004,-0.7996985542341983
34,2014-11,845,0.4306829765545362,244,803,0.19566207951070336,0.05913097735783567,391.1721,0.28875739644970416,0.9502958579881656,0.4629255621301775,0.25367849557578664,0.6679810831122431,0.3804382404497459,2014,Nov,236.151,11,-1.2819999999999823,3.082000000000022,0.9946005820589388,1.013223551823709,-0.012879133485168837,0.9709643064778098,-0.04628096672165133,-0.01645606017040213,2499028.0,363.336,83050.6,5.898076518786309,5.898076518786309,117641.0,-4.6203636363636065,5214.800000000003,-0.012601862533446528
35,2014-12,892,0.41976470588235293,181,747,0.18590418823529412,0.05536018687981392,403.5357,0.20291479820627803,0.8374439461883408,0.4523942825112108,0.1847476100506891,0.6083754461638203,0.3732134239702972,2014,Dec,234.812,12,-1.3389999999999986,1.7630000000000052,0.994329899089989,1.0075649326965574,-0.010918270672183261,0.9746489383919248,-0.08584259824342613,-0.11285191179982479,2666528.5,345.85299999999995,86234.18181818182,5.848901059065925,5.848901059065925,167500.5,-17.48300000000006,3183.5818181818177,-0.04917545972038351
36,2015-1,533,0.30791450028885037,77,505,0.13487515886770654,0.04405734579874653,237.65210000000002,0.14446529080675422,0.9474671669793621,0.44587636022514077,0.1349375330015124,0.6665296395599893,0.36871561539559744,2015,Jan,233.707,1,-1.1050000000000182,-0.20900000000000318,0.9952941076265267,0.9991065168693035,-0.03059481648133594,0.9096189825046773,-0.2206723238721449,-0.10757870458027086,2825099.0,249.21454545454546,93777.7,5.522318731652953,5.522318731652953,618749.0,-201.03945454545456,22056.09999999999,-0.5897116422207782
37,2015-2,384,0.2606924643584521,70,365,0.11241011541072642,0.039464237282119875,170.0203,0.18229166666666666,0.9505208333333334,0.4427611979166666,0.16745464545362113,0.6680964309294927,0.36655877608751125,2015,Feb,234.722,2,1.0150000000000148,-0.0589999999999975,1.0043430449237722,0.999748701981847,-0.1224318229847634,0.6804383667927455,-0.1703869047619048,-0.0747767857142857,2945869.0,233.47,95010.55555555556,5.457327647932645,5.457327647932645,-2217782.0,-193.87400000000005,-103307.94444444444,-0.6025989631422339
38,2015-3,509,0.30388059701492537,48,461,0.13021898507462687,0.04409912476479967,224.7761,0.09430255402750491,0.9056974459724951,0.44160333988212186,0.09011722337676129,0.6448480549469058,0.36575592465762796,2015,Mar,236.119,3,1.3969999999999914,-0.1740000000000066,1.0059517216110974,0.9992636260913357,0.043188132656473255,1.1656669776119404,-0.08798911263916175,-0.04482338736083824,3074557.0,270.688,98466.4,5.604654349096983,5.604654349096983,128688.0,37.21799999999999,3455.844444444432,0.14732670116433866
39,2015-4,620,0.2672413793103448,116,701,0.1167669396551724,0.040603904447723896,275.8857,0.1870967741935484,1.1306451612903226,0.44497693548387096,0.171510640689739,0.7564248264831881,0.36809335983415026,2015,Apr,236.599,4,0.47999999999998977,-0.4730000000000132,1.0020328732545878,0.9980048255382331,-0.03663921770458056,0.8794289004809972,0.09279422016604348,0.22494771531782742,3241394.0,234.82600000000002,105965.7,5.463094244959451,5.463094244959451,166837.0,-35.861999999999966,7499.300000000003,-0.1415601041375325
40,2015-5,541,0.343928798474253,78,561,0.151493006993007,0.04866682362791155,243.32680000000002,0.14417744916820702,1.0369685767097967,0.4497722735674677,0.13468599383811458,0.7114627108663782,0.3714064913863232,2015,May,237.805,5,1.2060000000000173,-0.09499999999999886,1.0050972320254947,0.9996006725514922,0.0766874191639082,1.2869593749359145,-0.042919325025341376,-0.09367658458052586,3416442.0,236.032,102691.27272727272,5.46819515311765,5.46819515311765,175048.0,1.2059999999999889,-3274.4272727272764,0.005100908158198969
41,2015-6,344,0.3130118289353958,4,209,0.12973293903548683,0.0477383015734125,151.8385,0.011627906976744186,0.6075581395348837,0.44139098837209306,0.011560822401075985,0.47471634414893643,0.3656086114920545,2015,Jun,238.638,6,0.8329999999999984,0.2950000000000159,1.0035028699985282,1.0012377120368545,-0.030916969538857197,0.9101064822835077,-0.13254954219146284,-0.429410437174913,3540083.0,235.64299999999997,119481.7,5.466552676366918,5.466552676366918,123641.0,-0.3890000000000384,16790.427272727276,-0.0016424767507317029
42,2015-7,355,0.2912223133716161,16,171,0.10896464315012305,0.05262903555510652,155.7885,0.04507042253521127,0.48169014084507045,0.43884084507042254,0.04408427313201935,0.39318342326229405,0.36383782072553744,2015,Jul,238.654,7,0.015999999999991132,0.40399999999999636,1.0000670471592956,1.0016956977964322,-0.021789515563779727,0.9303875651029246,0.033442515558467084,-0.12586799868981324,3768808.5,279.7427272727273,143240.8,5.6374386886444725,5.6374386886444725,228725.5,44.09972727272731,23759.09999999999,0.1708860122775544
43,2015-8,238,0.2441025641025641,39,141,0.0970454358974359,0.041745430530995706,104.03840000000001,0.1638655462184874,0.592436974789916,0.4371361344537816,0.1517468325158638,0.4652655314109516,0.3626523377898787,2015,Aug,238.316,8,-0.33799999999999386,0.46399999999999864,0.9985837237171805,1.0019507929300573,-0.04711974926905199,0.8382000722282412,0.11879512368327613,0.11074683394484552,4010440.0,253.717,112301.5,5.54015312494847,5.54015312494847,241631.5,-26.025727272727266,-30939.29999999999,-0.09728556369600216
44,2015-9,142,0.2113095238095238,11,26,0.09921443452380953,0.07336991673619248,81.4561,0.07746478873239436,0.18309859154929578,0.5736345070422536,0.07461086379117472,0.16813692180199818,0.45338791657765853,2015,Sep,237.945,9,-0.3710000000000093,-0.08600000000001273,0.9984432434246966,0.9996387025219403,-0.03279304029304028,0.8656587635054022,-0.08640075748609304,-0.4093383832406202,4208444.0,233.13400000000001,131648.9,5.455893601029153,5.455893601029153,198004.0,-20.583,19347.399999999994,-0.08425952391931713
45,2015-10,109,0.16615853658536586,140,138,0.05135335365853659,0.05836577559178928,56.1588,1.2844036697247707,1.2660550458715596,0.5152183486238532,0.8261050142355639,0.8180404543988334,0.41555955308058745,2015,Oct,237.838,10,-0.10699999999999932,0.40500000000000114,0.9995503162495535,1.0017057443573556,-0.1417559637034845,0.5396255662838054,1.1399383789180164,0.31858787889219753,4509767.5,260.293,137853.81818181818,5.565642383036465,5.565642383036465,1684668.5,11.078454545454548,44076.11818181818,0.04332365138351246
46,2015-11,368,0.2552011095700416,32,208,0.08194292649098475,0.06154416099434419,168.314,0.08695652173913043,0.5652173913043478,0.457375,0.08338160893905106,0.4480247225269603,0.37663687227131837,2015,Nov,237.336,11,-0.5019999999999811,1.1850000000000023,0.9978893196209185,1.0050179757866788,0.08904257298467574,1.5358892465866723,-1.1974471479856403,-0.7008376545672118,4873149.0,349.4227272727273,162581.8,5.859140217897005,5.859140217897005,363381.5,89.12972727272728,24727.981818181812,0.29349783486054015
47,2015-12,672,0.3831242873432155,237,689,0.17090866590649942,0.07099762735212685,324.8099,0.35267857142857145,1.025297619047619,0.4833480654761905,0.3020867536543293,0.7057166621283165,0.3943017392424208,2015,Dec,236.525,12,-0.811000000000007,1.7129999999999939,0.9965829035628813,1.0072951978604159,0.1279231777731739,1.5012641911655347,0.265722049689441,0.4600802277432713,5163651.0,427.34400000000005,198318.5,6.059926611074879,6.059926611074879,290502.0,77.92127272727276,35736.70000000001,0.20078639317787328
48,2016-1,618,0.36589698046181174,1171,941,0.14488815867377147,0.05625756218197486,273.5338,1.8948220064724919,1.522653721682848,0.4426113268608414,1.0629236260510284,0.9253114116000858,0.3664548927555165,2016,Jan,236.916,1,0.39099999999999113,3.209000000000003,1.0016531022090687,1.01373086813831,0.15458745665228793,1.7315688089460386,1.8173572177400976,1.3395551301335522,5633032.5,415.08000000000004,197100.72727272726,6.030877549464817,6.030877549464817,1424588.5,181.94600000000003,65451.82727272727,0.5749839484356638
49,2016-2,2406,0.43681917211328974,914,2529,0.20335978576615832,0.12685071018386557,1334.3994,0.3798836242726517,1.0511221945137157,0.554613216957606,0.32199916537591006,0.7183870553329578,0.44122677961600343,2016,Feb,237.111,2,0.19499999999999318,2.3889999999999816,1.000823076533455,1.0101779978016547,0.12304018166308511,1.3921237093871366,-0.18750768007517443,0.40257146987603454,6083614.0,402.31,217094.55555555556,5.99970549700956,5.99970549700956,-4501210.0,-422.651,-64261.64444444445,-0.7168420599003635
50,2016-3,610,0.35735207967193905,47,316,0.11766385471587582,0.08163839577950538,279.9126,0.07704918032786885,0.5180327868852459,0.45887311475409837,0.07422506131725358,0.41741527747882246,0.3776642984894812,2016,Mar,238.132,3,1.021000000000015,2.0130000000000052,1.0043060001433928,1.0085253622114274,-0.0794670924413507,0.8180778282764092,-0.30283444394478287,-0.5330894076284698,6364167.0,414.997,201638.1,6.030678048696799,6.030678048696799,280553.0,12.687000000000012,-15456.455555555556,0.030972551687238337
51,2016-4,559,0.3784698713608666,216,412,0.14398544346648612,0.07667673585164939,260.4584,0.38640429338103754,0.7370304114490162,0.46593631484794273,0.3267135561982478,0.5521769951362258,0.38249416108015916,2016,Apr,239.261,4,1.1289999999999907,2.662000000000006,1.004741067979104,1.0112511041889443,0.02111779168892758,1.0590951973983596,0.3093551130531687,0.21899762456377025,6828576.0,432.73,213478.6,6.072422220687907,6.072422220687907,464409.0,17.733000000000004,11840.5,0.041744171991108026
52,2016-5,409,0.3442760942760943,52,110,0.1422122053872054,0.05829445466977405,187.1926,0.1271393643031785,0.26894865525672373,0.4576836185819071,0.11968288695384677,0.23818872712308692,0.37684861318183926,2016,May,240.229,5,0.9680000000000177,2.4240000000000066,1.004045790998115,1.0101932255419357,-0.03419377708477234,0.9096525782572294,-0.25926492907785903,-0.4680817561922924,7286044.0,456.93199999999996,218590.54545454544,6.126720701475463,6.126720701475463,457468.0,24.20199999999994,5111.9454545454355,0.05429848078755661
53,2016-6,126,0.11013986013986014,38,77,0.033562587412587414,0.04255133803914374,68.5508,0.30158730158730157,0.6111111111111112,0.5440539682539682,0.26358452087272044,0.4769240720903094,0.4344114045240868,2016,Jun,241.018,6,0.7889999999999873,2.3799999999999955,1.003284366167282,1.0099732649452309,-0.23413623413623413,0.31991724656761333,0.17444793728412308,0.3421624558543874,7579535.0,635.089,233220.1,6.455338490656757,6.455338490656757,293491.0,178.1570000000001,14629.554545454565,0.32861778918129403
54,2016-7,46,0.055222088835534214,23,15,0.018859303721488595,0.016343085132687694,23.3523,0.5,0.32608695652173914,0.5076586956521739,0.4054651081081644,0.2822324676842163,0.41055791482633786,2016,Jul,240.628,7,-0.3900000000000148,1.9739999999999895,0.99838186359525,1.008271388704987,-0.05491777130432593,0.5013815049829455,0.19841269841269843,-0.285024154589372,7963363.0,662.07,207175.6,6.496880565306429,6.496880565306429,383828.0,26.980999999999995,-26044.5,0.04154207464967197
55,2016-8,140,0.16646848989298454,60,62,0.06030570749108205,0.046314805443576246,67.2823,0.42857142857142855,0.44285714285714284,0.4805878571428572,0.35667494393873234,0.36662527479190044,0.3924392096848801,2016,Aug,240.849,8,0.22100000000000364,2.532999999999987,1.0009184301078844,1.0106287450276104,0.11124640105745033,3.014527219149046,-0.07142857142857145,0.1167701863354037,8364568.0,572.8190000000001,230662.3,6.352314015581837,6.352314015581837,401205.0,-89.25099999999998,23486.699999999983,-0.14456654972459226
56,2016-9,62,0.08010335917312661,29,1,0.030351679586563308,0.019366920508171463,29.5067,0.46774193548387094,0.016129032258064516,0.47591451612903224,0.38372512147175847,0.01600034134644113,0.38927780859935046,2016,Sep,241.428,9,0.5790000000000077,3.483000000000004,1.002403995864629,1.0146378364748156,-0.08636513071985794,0.4811923218899963,0.03917050691244239,-0.42672811059907834,8664649.0,603.336,220125.7,6.404130334652847,6.404130334652847,300081.0,30.51699999999994,-10536.599999999977,0.05181631907101014
57,2016-10,95,0.0921435499515034,573,100,0.023324442289039765,0.02354639953791679,41.6344,6.031578947368421,1.0526315789473684,0.43825684210526317,1.9504112819361048,0.7191226669632059,0.36343185399331057,2016,Oct,241.729,10,0.30100000000001614,3.8910000000000196,1.0012467485130143,1.016359875209176,-0.2737534305103083,0.2518292166150311,4.136756940895928,-0.4700221427354796,9226780.0,634.0989999999999,230996.9090909091,6.453780892252501,6.453780892252501,3593747.5,219.0189999999999,33896.18181818182,0.42290334278768427
58,2016-11,83,0.10613810741687979,63,12,0.032912404092071613,0.025670007592420364,36.581900000000005,0.7590361445783133,0.14457831325301204,0.44074578313253016,0.5647660139117385,0.1350362838039429,0.36516088447457207,2016,Nov,241.353,11,-0.3760000000000048,4.016999999999996,0.9984445391326651,1.016925371625038,0.013994557465376395,1.1518777762821375,-5.272542802790108,-0.9080532656943563,9971346.0,719.7381818181818,269741.6,6.580275939322936,6.580275939322936,744566.0,85.6391818181819,38744.69090909089,0.1264950470704349
59,2016-12,1380,0.31377899045020463,783,895,0.09300866302864938,0.10238027557878981,652.8286,0.5673913043478261,0.6485507246376812,0.4730642028985508,0.44941264780180845,0.49989655323380044,0.3873447230198021,2016,Dec,241.432,12,0.07899999999997931,4.906999999999982,1.0003273213923174,1.0207462213296692,0.20764088303332484,2.9563273558079524,-0.1916448402304871,0.5039724113846691,10584824.0,824.961,281356.2,6.716547556909924,6.716547556909924,613478.0,105.22281818181818,11614.600000000035,0.13627161758698758
60,2017-1,56,0.05919661733615222,374,317,0.012412684989429176,0.02041014301352393,25.9967,6.678571428571429,5.660714285714286,0.4642267857142857,2.038433517952459,1.8962267289086663,0.3813273118168573,2017,Jan,242.839,1,1.4070000000000107,5.923000000000002,1.0058277278902548,1.02500042209053,-0.020906741836974392,0.7390029325513197,6.210829493087558,5.644585253456221,11327920.5,907.348,283402.36363636365,6.811627565087868,6.811627565087868,2663271.5,304.01199999999994,63276.663636363635,0.4074972304350206
61,2017-2,1206,0.2985148514851485,793,636,0.10029133663366337,0.09081216250972568,574.209,0.6575456053067993,0.527363184079602,0.47612686567164175,0.5053379572132692,0.42354283952812144,0.3894216748366498,2017,Feb,243.603,2,0.76400000000001,6.492000000000019,1.0031461173864165,1.0273795817148932,-0.06336112791937354,0.8249092741009332,-15.572735867009934,-30.364223577442207,12096833.0,1062.646,296575.3333333333,6.969457907775497,6.969457907775497,-8607090.0,-13741.321272727273,-52374.166666666686,-2.6332601222023504
62,2017-3,126,0.14893617021276595,165,111,0.04817186761229314,0.03708823802420025,56.8508,1.3095238095238095,0.8809523809523809,0.4511968253968254,0.8370413602200145,0.6317782341836532,0.37238861280524627,2017,Mar,243.801,3,0.19799999999997908,5.668999999999983,1.0008127978719472,1.0238061243344028,-0.14957868127238255,0.4989238206132458,0.6519782042170102,0.3535891968727789,12581602.0,1132.767,280440.2,7.033300995804251,7.033300995804251,484769.0,70.1210000000001,-16135.133333333302,0.06384308802875438
63,2017-4,183,0.18227091633466136,344,201,0.05764203187250996,0.04604534820165003,81.4231,1.8797814207650274,1.098360655737705,0.44493497267759563,1.0577143956999415,0.741156399746306,0.3680643189445925,2017,Apr,244.524,4,0.7230000000000132,5.263000000000005,1.0029655333653267,1.021996898784173,0.03333474612189541,1.2238190096755834,0.5702576112412179,0.2174082747853241,13190820.5,1206.2459999999999,281974.6,7.096097011432776,7.096097011432776,609218.5,73.47899999999981,1534.399999999965,0.06279601562852477
64,2017-5,133,0.15537383177570094,109,42,0.055887149532710276,0.03488316388145597,59.0108,0.8195488721804511,0.3157894736842105,0.4436902255639098,0.5985885979349326,0.2744368457017603,0.3672024922240559,2017,May,244.733,5,0.20900000000000318,4.503999999999991,1.0008547218268964,1.0187487772084136,-0.02689708455896042,0.852433481436086,-1.0602325485845763,-0.7825711820534945,13911418.0,1884.538,332231.1,7.5419684703006835,7.5419684703006835,720597.5,678.2920000000001,50256.5,0.4458714588679076
65,2017-6,1046,0.28823367318820614,1524,840,0.07447117663268119,0.10332951240492746,498.0236,1.4569789674952198,0.8030592734225621,0.47612198852772464,0.8989325332643973,0.5894848185685346,0.3894183708171325,2017,Jun,244.955,6,0.2220000000000084,3.937000000000012,1.000907111014861,1.0163348795525646,0.1328598414125052,1.8550979266849958,0.6374300953147687,0.4872697997383516,14683847.5,2607.887,274216.8,7.866678972585109,7.866678972585109,772429.5,723.3490000000002,-58014.29999999999,0.3247105022844252
66,2017-7,78,0.07136322049405307,46,10,0.004192589204025617,0.028181964386421766,37.3904,0.5897435897435898,0.1282051282051282,0.47936410256410256,0.46357273891544515,0.12062798778861472,0.3916123350158727,2017,Jul,244.786,7,-0.16900000000001114,4.1580000000000155,0.999310077361148,1.017279784563725,-0.21687045269415306,0.24758807569112673,-0.8672353777516301,-0.6748541452174339,15069017.0,2453.9370000000004,238283.27272727274,7.805856377984888,7.805856377984888,385169.5,-153.94999999999982,-35933.52727272725,-0.06082259460022055
67,2017-8,1096,0.29257875066737854,8280,3605,0.08847773625200214,0.07993616312502093,480.1042,7.554744525547445,3.289233576642336,0.4380512773722628,2.146486044308833,1.4561080635161696,0.36328891747551656,2017,Aug,245.519,8,0.7330000000000041,4.670000000000016,1.0029944522971086,1.0193897421205818,0.22121553017332546,4.099853518967239,6.965000935803856,3.1610284484372078,16026887.0,3781.4727272727278,253130.6,8.238133235397978,8.238133235397978,957870.0,1327.5357272727274,14847.32727272727,0.43227685741308974
68,2017-9,275,0.16933497536945813,195,254,0.03591089901477833,0.0412170259871148,108.3631,0.7090909090909091,0.9236363636363636,0.3940476363636364,0.535961597037533,0.6542173341917281,0.33221148418175384,2017,Sep,246.819,9,1.299999999999983,5.390999999999991,1.0052949058932301,1.0223296386500322,-0.12324377529792041,0.5787671694653195,-6.845653616456536,-2.365597213005972,16909063.0,4009.3770000000004,247116.0,8.296640530844078,8.296640530844078,882176.0,227.90427272727266,-6014.600000000006,0.058507295446100116
69,2017-10,4601,0.31031226815943885,9308,5110,0.07282321440615094,0.10992428537903716,2122.6599,2.0230384698978483,1.1106281243207998,0.46134751141056296,1.1062624414516615,0.7469855924388854,0.379358963081928,2017,Oct,246.663,10,-0.1559999999999775,4.9339999999999975,0.9993679578962723,1.0204112870197617,0.25111565082328663,5.242060815693377,-4.6555329586735805,-4.5500861613934855,17726450.4,5347.447,295502.4,8.584561517376718,8.584561517376718,6398529.8999999985,4440.099,12100.036363636376,1.7729339522888505
70,2017-11,291,0.20082815734989648,6609,3052,0.0427296066252588,0.06838727914356069,136.4619,22.711340206185568,10.487972508591065,0.46894123711340213,3.165953423413858,2.441300619248606,0.38454189442663156,2017,Nov,246.669,11,0.006000000000000227,5.3160000000000025,1.0000243246859075,1.0220258293868318,-0.10948411080954237,0.6471808496037633,20.68830173628772,9.377344384270266,18869391.0,7715.247,324108.0,8.951083384918139,8.951083384918139,1142940.6000000015,2367.8,28605.599999999977,0.3665218675414206
71,2017-12,6466,0.36187597940452204,104945,199745,0.09507602417730021,0.1362207678025834,3148.393,16.230281472316733,30.891586761521808,0.48691509433962266,2.8466683865826514,3.462342237122518,0.39670356721946526,2017,Dec,246.524,12,-0.14500000000001023,5.092000000000013,0.9994121677227377,1.0210908247456842,0.16104782205462556,1.801918536622517,-6.481058733868835,20.403614252930744,20703923.0,14803.967272727274,348949.5,9.602718029977847,9.602718029977847,1834532.0,7088.720272727273,24841.5,0.6516346450597084
72,2018-1,500,0.22935779816513763,15983,18342,0.06942706422018348,0.08094220775732482,243.1097,31.966,36.684,0.4862194,3.4954767273091645,3.629235601186421,0.3962355800808785,2018,Jan,247.867,1,1.3429999999999893,5.027999999999992,1.0054477454527753,1.0207050762027516,0.0600228227956795,1.354462051709758,31.25690909090909,35.760363636363635,22286673.2,12957.210000000001,289451.6,9.469484843083245,9.469484843083245,5377610.199999999,8947.833,42335.59999999998,1.1728443122391674
73,2018-2,4149,0.3571797520661157,36009,12900,0.09284275137741047,0.13891534326213237,2036.1554,8.678958785249458,3.109182935647144,0.49075811038804534,2.2699543319958293,1.4132242096323633,0.399284789481238,2018,Feb,248.991,2,1.1240000000000236,5.388000000000005,1.0045346899748657,1.0221179542123866,0.10925642938240962,1.4406863710914202,-32.9782577095959,-12.682054177754917,23111034.75,9376.166666666666,194685.0,9.146032935247664,9.146032935247664,-8426445.825757574,5646.725666666665,-64897.81818181818,0.9217511990354819
74,2018-3,416,0.21020717534108135,6450,2405,0.06689363314805458,0.056127011041343614,181.5566,15.504807692307692,5.78125,0.4364341346153846,2.803651713756374,1.914161450740733,0.36216374709145843,2018,Mar,249.554,3,0.5629999999999882,5.753000000000014,1.0022611259041492,1.023597114039729,-0.14697257672503433,0.5885192935073514,6.8258489070582336,2.672067064352856,23659849.5,9233.679,175168.3,9.13072113296047,9.13072113296047,548814.75,-142.48766666666597,-19516.70000000001,-0.015311802287193643
75,2018-4,7569,0.3644198363023592,25248,12621,0.11463423688011556,0.1298792637269072,3739.4889,3.3357114546175186,1.6674593737613952,0.494053230281411,1.466885715478733,0.9811264739977157,0.4014927154476756,2018,Apr,250.546,4,0.9919999999999902,6.021999999999991,1.003975091563349,1.024627439433348,0.15421266096127784,1.7336222501018481,-12.169096237690173,-4.113790626238605,24185423.8,7978.591,200871.5,8.984642435997536,8.984642435997536,525574.3000000007,-1255.0879999999997,25703.20000000001,-0.14607869696293463
76,2018-5,459,0.2314674735249622,22980,20413,0.07508371154815935,0.05416656751961806,187.5619,50.06535947712418,44.47276688453159,0.40863159041394337,3.933106370604309,3.817113616756019,0.3426187298943528,2018,May,251.588,5,1.0420000000000016,6.85499999999999,1.0041589169254348,1.0280101171480756,-0.132952362777397,0.635167053126366,46.729648022506666,42.80530751077019,24787904.25,8528.46,197304.3,9.051281332502919,9.051281332502919,602480.4499999993,549.8689999999988,-3567.2000000000116,0.06663889650538302
77,2018-6,6389,0.3781368371212121,29618,15201,0.13665124881628787,0.11301791965514363,3084.72,4.635780247300047,2.379245578337768,0.4828173423070903,1.7291356023784774,1.2176524829065096,0.39394388787420564,2018,Jun,251.989,6,0.40100000000001046,7.033999999999992,1.001593875701544,1.028715478353167,0.1466693635962499,1.6336499956674586,-45.429579229824135,-42.09352130619382,25372919.8,6808.664999999999,191137.9,8.826098205569403,8.826098205569403,585015.5500000007,-1719.795,-6166.399999999994,-0.2251831269335156
78,2018-7,1727,0.3254192575843226,24818,8207,0.11660069719238741,0.107298764445424,854.9512,14.370584829183555,4.752171395483497,0.4950499131441806,2.7324556068710932,1.7495774175206171,0.40215959300384113,2018,Jul,252.006,7,0.016999999999995907,7.219999999999999,1.0000674632622852,1.0294951508664711,-0.05271757953688949,0.8605859721622656,9.734804581883509,2.3729258171457293,26316018.25,7109.044,202271.8,8.869263711245086,8.869263711245086,943098.4499999993,300.3790000000008,11133.899999999994,0.04316550567568278
79,2018-8,5366,0.3978941124128726,37524,14152,0.15520332937861486,0.1279886073726739,2762.2286,6.99291837495341,2.6373462541930675,0.514764927320164,2.0785559465253565,1.291254364715837,0.4152602634371933,2018,Aug,252.146,8,0.13999999999998636,6.626999999999981,1.0005555423283572,1.0269918010418744,0.07247485482854998,1.2227122493196958,-7.377666454230145,-2.1148251412904298,27769740.846153848,6669.866,219611.45454545456,8.805504965564284,8.805504965564284,1453722.5961538479,-439.1779999999999,17339.65454545457,-0.06375874568080242
80,2018-9,405,0.21891891891891893,11140,3517,0.06780027027027027,0.04986546485119789,160.9059,27.506172839506174,8.683950617283951,0.39729851851851855,3.3501206546820566,2.2704699396497525,0.33454074285788515,2018,Sep,252.439,9,0.29300000000000637,5.6200000000000045,1.0011620251758901,1.02276972194199,-0.17897519349395366,0.5501939136303654,20.513254464552766,6.046604363090884,28499748.78125,6624.25,232029.2,8.7986433859915,8.7986433859915,730007.9350961521,-45.615999999999985,12417.745454545453,-0.006861579572783327
81,2018-10,671,0.2832418742085268,8947,3223,0.09990650063317856,0.08360248086988604,314.7065,13.333830104321908,4.80327868852459,0.4690111773472429,2.6626224848659263,1.758423048960463,0.38458950597643726,2018,Oct,252.885,10,0.44599999999999795,6.22199999999998,1.001766763455726,1.0252246992860703,0.053884076043389184,1.2349345715491769,-18.632169895678093,-31.88072131147541,29328696.53125,6491.306363636363,243924.9,8.778373118469323,8.778373118469323,7042023.331250001,-6465.903636363638,-45526.69999999998,-0.691111724613922
82,2018-11,2690,0.39869571661479175,38135,8562,0.1422984289313769,0.14269928270432078,1387.0409,14.176579925650557,3.182899628252788,0.5156285873605948,2.719753445242781,1.4310046970138626,0.4158302620592404,2018,Nov,252.038,11,-0.84699999999998,5.369,0.996650651481899,1.021766010321524,0.11545384240626494,1.4076157267666791,0.8427498213286491,-1.620379060271802,30468938.258064516,5392.7970000000005,273293.4,8.59300486858288,8.59300486858288,1140241.726814516,-1098.5093636363627,29368.50000000003,-0.18536824988644263
83,2018-12,388,0.24792332268370607,16163,6127,0.09760351437699681,0.06587522727024997,177.9904,41.65721649484536,15.791237113402062,0.4587381443298969,3.753196462317267,2.820857149935672,0.3775717773053258,2018,Dec,251.233,12,-0.8050000000000068,4.709000000000003,0.9968060371848689,1.0191015884863137,-0.15077239393108569,0.6218359323966413,27.4806365691948,12.608337485149274,31537480.575757574,3729.4410000000003,259582.81818181818,8.224281736212182,8.224281736212182,1068542.3176930584,-1663.3560000000002,-13710.581818181847,-0.36872313237069854
84,2019-1,12863,0.4127254058910351,68212,19627,0.1499002919848553,0.1504678844051766,6774.6291,5.302961983985074,1.5258493353028064,0.5266756666407526,1.8410196790968034,0.9265773765844305,0.42309260462013965,2019,Jan,251.712,1,0.478999999999985,3.844999999999999,1.001906596665247,1.0155123513819913,0.1938064869721162,1.8852888911071974,-22.2032108555211,-7.1581012819811445,32404998.0,3664.2636363636366,301791.1,8.206655545257162,8.206655545257162,3905249.21875,-2959.9863636363634,69761.89999999997,-0.5919878407343386
85,2019-2,457,0.2661619103086779,21897,7995,0.10318870122306349,0.07056887707506046,209.1206,47.91466083150985,17.494529540481402,0.45759431072210066,3.8900771640513523,2.9174749878417425,0.3767873443340655,2019,Feb,252.776,2,1.0640000000000214,3.7849999999999966,1.0042270531400967,1.015201352659333,-0.16374032544739225,0.6191219495301723,44.29711108548254,16.410998155048716,33271965.655172415,3691.3911111111106,315092.8888888889,8.214029524765875,8.214029524765875,-10852857.756592289,-3570.9478888888893,4766.188888888864,-0.676565394678768
86,2019-3,631,0.2865576748410536,58945,17864,0.11249000908265214,0.09076421402099027,315.064,93.41521394611728,28.310618066561013,0.4993090332805072,4.547702224849268,3.377949841725341,0.405004357499241,2019,Mar,254.202,3,1.4259999999999877,4.647999999999996,1.005641358356806,1.0186252274056917,0.020395764532375682,1.0766291634619016,45.50055311460743,10.81608852607961,34219225.25,3947.2480000000005,302156.9,8.281027215196499,8.281027215196499,947259.5948275849,255.8568888888899,-12935.988888888853,0.06699769043062354
87,2019-4,709,0.3148312611012433,31664,14524,0.13669169626998223,0.09851469724332311,368.3954,44.66008462623413,20.4851904090268,0.5195985895627645,3.821224494499716,3.0673638796045735,0.4184462141674153,2019,Apr,255.548,4,1.3460000000000036,5.0020000000000095,1.0052950016128905,1.0199643977553026,0.02827358626018972,1.0986663026068744,-48.755129319883146,-7.825427657534213,35550298.78125,5097.574,366781.1,8.536716171771719,8.536716171771719,1331073.53125,1150.325999999999,64624.19999999995,0.25568895657522006
88,2019-5,58063,0.42348676581064426,232177,74642,0.16243664947814482,0.1514676335085996,31054.2956,3.998708299605601,1.2855346778499217,0.5348379449907859,1.6091795389796741,0.8265999916563613,0.42842480217000284,2019,May,256.092,5,0.5439999999999827,4.503999999999991,1.0021287585893843,1.017902284687664,0.10865550470940094,1.3451229853393103,-40.66137632662853,-19.19965573117688,37870938.90625,7152.152,362129.36363636365,8.875308377707858,8.875308377707858,2320640.125,2054.5780000000004,-4651.73636363633,0.3385922059361395
89,2019-6,73734,0.4447272551810659,228709,79989,0.17010313819392506,0.1590694046123048,39600.1301,3.1018119185179156,1.0848319635446335,0.5370674329346028,1.4114288074331987,0.734688258978816,0.42987633668098746,2019,Jun,256.143,6,0.05099999999998772,4.153999999999968,1.0001991471814815,1.0164848465607625,0.02124048937042161,1.0501562057783855,-0.8968963810876853,-0.2007027143052882,39503066.80645161,9060.100999999999,343157.7,9.11174591483249,9.11174591483249,1632127.9002016112,1907.9489999999987,-18971.663636363635,0.23643753712463145
90,2019-7,79420,0.4300038982977433,233918,80423,0.1616612303460822,0.15950041419445987,42877.6779,2.9453286325862504,1.0126290606900026,0.5398851410224125,1.3725322543989469,0.6994418577897756,0.43170782989235124,2019,Jul,256.571,7,0.4280000000000541,4.565000000000026,1.0016709416224534,1.0181146480639351,-0.014723356883322547,0.9668935134696701,-0.15648328593166516,-0.07220290285463093,40505938.60606061,10843.64,332936.1,9.29142622768926,9.29142622768926,1002871.799608998,1783.5390000000007,-10221.600000000035,0.179680312856771
91,2019-8,67872,0.43016858917480033,224609,90821,0.1649749873241222,0.1617219290280531,36993.3311,3.3093028052805282,1.3381217586044318,0.5450455430810939,1.4607761289148675,0.8493479397966959,0.4350533876376401,2019,Aug,256.558,8,-0.013000000000033651,4.412000000000006,0.9999493317639171,1.0174977988942915,0.00016469087705700547,1.0003829985674757,0.3639741726942778,0.32549269791442925,41277273.1875,10712.347,328488.3,9.279245626291528,9.279245626291528,771334.5814393908,-131.29299999999967,-4447.799999999988,-0.01218060139773236
92,2019-9,61968,0.41601546765487796,168550,63644,0.1618644995837697,0.1550342790351033,33709.0646,2.7199522334107926,1.0270462174025303,0.5439753517944745,1.3137108277216458,0.7065796680991868,0.43436048761147833,2019,Sep,256.759,9,0.20100000000002183,4.320000000000022,1.00078344857693,1.0171130451316952,-0.014153121519922374,0.9670986634633818,-0.5893505718697356,-0.3110755412019015,41976462.06451613,9853.788,324769.6,9.195712707432554,9.195712707432554,699188.8770161271,-858.5589999999993,-3718.7000000000116,-0.08353291885897463
93,2019-10,61737,0.42874107614100393,193261,71793,0.16466072321453373,0.15867113476782113,33494.099,3.1303918233798207,1.1628844939015501,0.5425287752887248,1.418372274961892,0.7714427446673511,0.4334231315917832,2019,Oct,257.346,10,0.5869999999999891,4.461000000000013,1.0022861905522298,1.0176404294442138,0.016015670249968805,1.0388046629099377,-2.172570160605253,-0.3629648414012563,42683194.09090909,8343.594000000001,322224.0909090909,9.029369183025036,9.029369183025036,10278196.090909094,4679.330363636364,20432.990909090906,0.8227136377678743
94,2019-11,42918,0.4299022357560702,155258,46503,0.16390178700216365,0.15683952287847625,23082.6077,3.617549746027308,1.0835313854326856,0.5378304604128804,1.5298642064013486,0.7340642355694981,0.4303726312054919,2019,Nov,257.208,11,-0.1379999999999768,5.170000000000016,0.9994637569653309,1.0205127798189162,0.0011611596150662429,1.0027083003698118,0.48715792264748714,-0.07935310846886456,43434259.35483871,8322.555454545454,303280.3,9.026844780818967,9.026844780818967,751065.2639296129,-21.038545454546693,-18943.790909090894,-0.0025244022060686433
